,MVO,Decision Tree,Decision Tree (tuned),Random Forest,Random Forest (tuned),Gradient boosting,Gradient boosting (tuned)
2015-01-05,-0.0016548103681591833,-0.009079960779335112,-0.010039521461278601,-0.009619667697045142,-0.009656871173556694,-0.009876926863585815,-0.009647452741509736
2015-01-06,6.664120868286254e-05,-0.005674144180136379,-0.005676418630749185,-0.005755577167439947,-0.005325924961733944,-0.005418733372219709,-0.005353300306481662
2015-01-07,0.0021937809971717412,0.004746291074045108,0.006954886209695853,0.005487071964656225,0.006941410948619872,0.007234301197677829,0.006729474541819008
2015-01-08,0.0022617385060971877,0.006844148560799077,0.008214200246399371,0.007453279439027889,0.007948462180557373,0.007930450225787145,0.007844684832407349
2015-01-09,0.0003120130552409766,-0.002886359269039422,-0.0032345727152967847,-0.003017434134502042,-0.0030084868186084687,-0.002855840571669809,-0.0029766030941163375
2015-01-12,-0.0007552849840041488,-0.0029587174126351114,-0.0033949264954504605,-0.0029953679884402824,-0.003389791488081733,-0.0034018031716493797,-0.0032651418115316497
2015-01-13,-0.00026067517759600955,0.0003850362591395278,0.0010127447562214556,0.0005798884919988819,0.0010295167229961233,0.0012014877246144635,0.0010114961024461076
2015-01-14,0.0008105007616677854,-0.0011722276228774112,-0.0011364645441503804,-0.0012826105720970637,-0.0010939171893560803,-0.0005290136804733927,-0.001075663476784315
2015-01-15,0.0016789082914634142,-0.0037838169645808195,-0.0023784353925664845,-0.003088778410613203,-0.0022081217307406945,-0.0017066652693990966,-0.002159277644071193
2015-01-16,-0.00046237214405815035,0.004415507282643503,0.005370255873180615,0.0048554213592946205,0.0050392954006552235,0.004829869398762319,0.004999027815229772
2015-01-20,0.0015840621358271978,-0.00177565057488276,-0.0008604071178226432,-0.001243471742415864,-0.0008955509284929602,-0.0006024339022492473,-0.00082847380689171
2015-01-21,-0.0005084790315192794,0.0031562431547256953,0.003963982737991469,0.0034552279602500834,0.004268582071104888,0.003804137006763668,0.004089463323231618
2015-01-22,0.0025798244224713566,0.004072296304788715,0.005534080561692196,0.004413259703304072,0.005350815811910484,0.004664407482893683,0.005100184608673121
2015-01-23,0.0010571468506681671,-0.0023392475036058008,-0.001911638581376002,-0.0023426755931606584,-0.0019998938299728847,-0.0011858768671958687,-0.0019802867311346827
2015-01-26,0.0004607726040041789,0.0024977792689537806,0.0025557284251381917,0.00270847788103948,0.0021357229070519106,0.001890390642047913,0.0022724226826851593
2015-01-27,-0.00269445413532873,-0.0002516991654844779,-0.0011493507120592691,-0.0005896828886320228,-0.0010821043692119667,-0.0005515469336607342,-0.0009671430942658316
2015-01-28,0.0005282015343551676,-0.006817659849084371,-0.0070175468805306505,-0.007116634831019514,-0.0067382700378773,-0.00631867472060413,-0.006713852257741769
2015-01-29,0.0012440447928323464,0.003573193204537666,0.0043325776180767345,0.004068056298500334,0.0038804713300077736,0.004096877694300719,0.003978210565269619
2015-01-30,0.00019309288328828297,-0.005857561782313036,-0.007496826988610093,-0.006503533528328585,-0.007424578508830704,-0.006917052522834108,-0.0072605962923374
2015-02-02,0.0019626103377139983,0.007154036995725694,0.006620233783129304,0.0068054607819891585,0.006651728843798765,0.0073533014755048365,0.006834818581165281
2015-02-03,-0.0004379213050345271,0.01133564910637442,0.009868923316618969,0.010337878273640133,0.009843592023096068,0.010347276075680211,0.010000103108864834
2015-02-04,0.0006335913713795715,-0.005214980119626757,-0.004080561900630092,-0.005073342975539123,-0.004050846810879198,-0.004423687899621913,-0.004111847297201977
2015-02-05,0.0002551732380466779,0.007295794863958687,0.00619288566509491,0.006507226954001086,0.006181087615334008,0.006544536653447224,0.006384082238224653
2015-02-06,-0.005319721785972696,-0.007383224819321699,-0.006426018689784836,-0.007639428764230962,-0.00641918185051462,-0.006969125714604431,-0.006354117495425536
2015-02-09,-0.0010306531117841393,-0.0014052460316864815,-0.0016667258847331283,-0.0012570420371953266,-0.0016820104480141413,-0.0019137506063221848,-0.001823721839682207
2015-02-10,0.0009172584877227677,0.00161619360193924,0.001805405991447163,0.0010973978505820123,0.0018759388392548177,0.0019644764452355114,0.0020937630695871986
2015-02-11,-0.0002877757429523482,-0.0018599282759290488,-0.0017097307131119066,-0.0018779503693557775,-0.001711670840177557,-0.0019413864358769548,-0.0017418359476604178
2015-02-12,0.0018535307354458274,0.010557652605893267,0.00880642421795975,0.010117009164054364,0.008793649597076219,0.009639532998349187,0.008927112695822555
2015-02-13,-0.00012852355602517443,0.003435501043205818,0.003109753638923397,0.0033922674993399423,0.003114658446785059,0.003623312623846202,0.003224898152520263
2015-02-17,-0.003066342653686387,-0.00017402109691426812,-0.00029951941696275695,-0.0003633679486839275,-0.00028437016055242513,-0.0003539176371631408,-0.0002435661564514864
2015-02-18,0.0024104692628147467,0.0006052284977251501,0.0011887626314479797,0.0009674919474007173,0.0011982946892727926,0.001612728689550054,0.0013034021245447573
2015-02-19,-0.0007188111056909701,-0.0018840552168399227,-0.0014001957504725358,-0.0017638759861443856,-0.0013879393316625138,-0.0013370986670940607,-0.0013387841382564193
2015-02-20,0.001142777662893798,0.003670098277157665,0.003234164760289194,0.0035051460845918034,0.003246420644850626,0.0037564689387278626,0.0034437495127292756
2015-02-23,0.0014726854813765123,-0.0022592890691315553,-0.0016422054953713506,-0.0023260524213888772,-0.0016443094292733656,-0.001911723740528509,-0.0016096345550242002
2015-02-24,0.004046210638849069,0.0046067104436124185,0.004259956104712088,0.004632304463609724,0.004248714989155904,0.004771155253227184,0.004304299971322385
2015-02-25,0.0005274051815536286,0.0005885591822883219,0.00041554968134800924,0.0006499428625845506,0.0004050147639992994,0.00044784566007653596,0.0004468793253823725
2015-02-26,-0.003070730009504963,-0.0030553665953354857,-0.0021401107605588335,-0.0028232744914454756,-0.002117331055553558,-0.002028684741039159,-0.002058907082146139
2015-02-27,0.0014470533825481188,-0.0009810400721060222,-0.00048649281711054377,-0.0005772765188706466,-0.00047528266922469584,-0.00029674075124978014,-0.0004618099213746598
2015-03-02,-0.0028696548669804567,-1.2848208668150775e-05,-0.0002469275531180804,0.00012697582760023453,0.00012503680692719848,-0.00021551662187841293,0.0002534544187123308
2015-03-03,-0.0018262189760887104,-0.0031862287694685906,-0.002969474792591821,-0.003025906310805243,-0.002818845297763396,-0.0024887546474883565,-0.0028065877416396223
2015-03-04,-0.00035627341327991533,-0.004715279486822478,-0.004381924995082921,-0.004382194070460796,-0.003955989256431619,-0.003613895563479453,-0.0037745101841939865
2015-03-05,0.000671788634559103,-0.00039763971677724333,-0.000380079586534669,-0.00020029849933841817,-0.00020031097336917257,-0.00015851612041627508,-6.59812978326237e-05
2015-03-06,-0.007965974451742876,-0.011306913799674613,-0.010872423729943795,-0.010692568424059244,-0.010386645916076721,-0.009417044999493803,-0.0102342649911542
2015-03-09,0.002783573177755131,0.0013019439669925844,0.0013508932883449433,0.001188576421037732,0.0014651000658082467,0.0011744563709417957,0.0014984709085222028
2015-03-10,-0.0010962289227678358,-0.011534071471747174,-0.010145064854328542,-0.01083480407858154,-0.009465392889253922,-0.008591533802698814,-0.009291047814871733
2015-03-11,0.0014543420661976857,-6.840478825900775e-05,-0.00021656898963003774,0.00029234217990954485,0.00043506600119515,0.00038656172653118005,0.0006229586813431405
2015-03-12,0.0031219599343075373,0.005525333318290413,0.005083533256802857,0.005583269737374677,0.005644079200123855,0.0047908481478506106,0.005894569426673565
2015-03-13,-0.0026249949047068063,-0.0068088771116007005,-0.006161313925975757,-0.006305712674684849,-0.005742936750831986,-0.005347432226430309,-0.005498668973206644
2015-03-16,0.004216243608805013,0.006305340988743863,0.005623470017091303,0.0060248322172694714,0.0054488909608708305,0.00488138159398285,0.005440613006020699
2015-03-17,-0.0005278537623756458,0.0007570201598927613,0.0007245982400793569,0.0006728706050190287,0.0007064162943728029,0.0005688103696338578,0.0006389851596731339
2015-03-18,0.008145229192843172,0.015198943945334428,0.013863352898152433,0.014120817586609203,0.012753262522922408,0.012063763415032703,0.012340469552065268
2015-03-19,-0.0035154090045675514,-0.009608367002037313,-0.008938381605550945,-0.008555441025527006,-0.0075826805755861895,-0.0071085490088364164,-0.007151175167149154
2015-03-20,0.004106797638458322,0.01134894549815446,0.010447063577870857,0.010602691414843836,0.009760803343469569,0.008998028266732168,0.009631189811070522
2015-03-23,-0.00019684037801905483,0.0032628989071337316,0.002862583276817618,0.0027047837233303467,0.0022401580765781604,0.002113634943293077,0.0020251745677685095
2015-03-24,0.0011213308473534177,0.00018871052260872786,-0.00021853460115571954,-9.289104341104681e-05,-0.0004881281939225799,-0.000152193028895786,-0.0006647837446811587
2015-03-25,-0.004582369004533306,-0.005557513172832986,-0.005104578919284182,-0.00570349523299556,-0.005732049096124486,-0.004872035920451065,-0.005862765537188642
2015-03-26,-0.003270096815092233,-0.004485972899342595,-0.004152914106424996,-0.004210424375708546,-0.003944591081512092,-0.0037073097405803824,-0.0038948125475746277
2015-03-27,0.0016933653256028908,0.0010276710175866793,0.0008248878527136914,0.0011542876793492517,0.001177152337436951,0.0010577990842581867,0.001264831590957308
2015-03-30,0.0028671544230016903,0.00531660779622396,0.00527174929063524,0.005512944476590596,0.005764234033248983,0.00488242051660874,0.00579643041590517
2015-03-31,-0.0004115517586407481,-0.004222419605015091,-0.0032994625743371815,-0.004016422267638455,-0.0030868745276810767,-0.0029164931822495215,-0.0031325319438562965
2015-04-01,0.0022359242017726535,0.0021951363351177837,0.002680062582876205,0.002388218054093295,0.002594394115858676,0.0030263429221315885,0.0026632934047186706
2015-04-02,-0.0004511614589881882,0.002983607679430434,0.004467778123054368,0.004104239469259471,0.004481165931991493,0.004714149682476417,0.00468746369736849
2015-04-06,0.0018660148459674498,0.003951942416334505,0.00544824044119193,0.004903986710908002,0.005343765803365868,0.005553935791650433,0.005543319640597554
2015-04-07,-0.0005143638922098759,-0.0020837266153837307,-0.0025357745857716818,-0.0025542579737489577,-0.0026440831126413604,-0.002742294696345778,-0.0027533465184400377
2015-04-08,0.0009157102916937722,0.0026521241252463993,0.004040928029204323,0.0038783609763218415,0.003718100865986052,0.0042511854684369604,0.0038381003413517933
2015-04-09,-0.0013204477977470487,0.00010884346883981365,0.0011995249889384997,0.0007962545080474529,0.0006781305571629342,0.0009088406464783638,0.0006729620676246024
2015-04-10,0.0009280574495870212,0.0008308615984662269,0.0011440283721670258,0.0012500953050104985,0.0010711715517234854,0.001001613243422723,0.0011252177508965402
2015-04-13,8.664448294527208e-05,-0.0009406679659374015,-0.0017177076456671174,-0.0015380901634840646,-0.0017000379505881604,-0.0016347145029219378,-0.001777937015891125
2015-04-14,0.0011554138360330662,0.0016025589453030986,0.002084861717371709,0.0018707250535493713,0.002221266511042053,0.002128196165687775,0.0023572463018601136
2015-04-15,0.002078453971593912,0.0029884062091832643,0.003746508848034816,0.003610516112246903,0.0036242406052038345,0.0038037445456837464,0.003781604006834264
2015-04-16,-0.0005217036609990171,0.0005929332176496712,0.001129917047898885,0.0005197116011787148,0.0011495955096897596,0.0009964754959076684,0.0012694049043534242
2015-04-17,-0.0016482510526947412,-0.004253123640629903,-0.006619276707579778,-0.006321597860585076,-0.006108618629202989,-0.0064946921384574805,-0.006381302611341566
2015-04-20,0.0010345720100206292,0.0007476185848311771,0.0013097894821516094,0.001461698601878719,0.0010304635752947289,0.0009944547372888765,0.0010567959921891355
2015-04-21,-0.0009173608471694886,-0.00016834876806979794,0.0006277261638184598,0.00031016119014581195,0.0005545004583923064,0.0005887806817586491,0.0005734508535006074
2015-04-22,-0.0015410041027764582,0.0013890334512310979,0.002662308900421459,0.002314188331583253,0.0024501313712591935,0.002705099432562655,0.0024987113421915206
2015-04-23,0.0018416150514543842,0.002483154662611303,0.0030101570670776527,0.0029358393196311193,0.00306368156868964,0.0031777881811064874,0.0032038970331117866
2015-04-24,0.0015857828662567569,0.0014765834455267302,0.0018452757404700676,0.0015669592596795332,0.0019604039338787637,0.0018654243638288974,0.0020840454917625236
2015-04-27,-0.0007379785585667445,-0.0009196774844840141,-0.0009886956725532142,-0.0012178915279488047,-0.000936117821495196,-0.0009230465278263412,-0.0009666986481450722
2015-04-28,-0.002568401420155406,0.0010986548751754162,0.0019709017808313767,0.0016828415072168259,0.002077374431105422,0.0019204339566872286,0.002224602372261307
2015-04-29,-0.0026712055020462755,-0.0026415894193726423,-0.0036013261063187587,-0.003725143067473377,-0.0033590332570231814,-0.003927698314641759,-0.003396418448503358
2015-04-30,-0.002137683660195918,-0.003793549187803998,-0.005645701300387528,-0.00566978160264391,-0.00517035672473113,-0.005675379260954314,-0.005330926112682808
2015-05-01,-0.00038126520325324647,0.00368288152402252,0.0032541189625756046,0.0016086402566858758,0.003091143504132465,0.002391529224078563,0.0029548753336207144
2015-05-04,-0.0008002383165149556,0.0015979633304078014,0.001099749096880378,0.00023853383165041943,0.0008325098785928998,0.00034163680458349627,0.0007530594645848597
2015-05-05,-0.003155421383983551,-0.005722921865169279,-0.006175647332570637,-0.004164941255837749,-0.0062016588932259625,-0.005577566163774471,-0.006125709156941827
2015-05-06,-0.0032429705491729766,-0.0029258805343928304,-0.00164291006277287,-0.000708771640108243,-0.0011055117387039227,-0.0006362385138131987,-0.0009604049122126177
2015-05-07,0.0027376026180853017,0.0009055640871737347,0.0001192045633699402,-0.0006440173909505654,-0.00018990266536500456,-0.0006369563855211661,-0.0001811785209862774
2015-05-08,0.005177790433583816,0.007299198279103001,0.007708873911637796,0.005858431159098043,0.00796265654527964,0.007615056537757282,0.007768775267404404
2015-05-11,-0.005908205991040248,-0.00416577456058412,-0.004579034110247411,-0.004636472969274811,-0.004939424241552707,-0.005258029542860395,-0.004911817528716837
2015-05-12,-0.000672861100472676,-0.0013707520030858463,-0.0011003669226430676,-0.0007294082999942996,-0.0009483574476937575,-0.0009381011512936558,-0.0009613435552099093
2015-05-13,4.0189349423010116e-05,0.0009802598402794314,0.002036370132487306,0.0025360739546560315,0.0025058695920092628,0.002875002155227656,0.002520616698439739
2015-05-14,0.0032656170516717634,0.005217469935151469,0.005896263394567209,0.004807630772657204,0.006048923141814615,0.0057978498888113066,0.006043414846293862
2015-05-15,0.003576238021046869,0.0025233117536368663,0.002921751440599216,0.0033383534044737467,0.00304798105978976,0.003471989122516604,0.003101793140723283
2015-05-18,-0.002268923370548825,-0.0007855688579630963,-0.0012663624565414072,-0.0026047675114950356,-0.0017813023033463637,-0.002597588736860561,-0.0017098717913775407
2015-05-19,-0.0028460719084103347,-0.0008342910968927739,-0.002163350161070829,-0.0030171482454630907,-0.00261418304205572,-0.0032466826002829946,-0.0028033465166774248
2015-05-20,0.0011062088724606799,0.00044571496065371537,0.0003377604763198211,3.169967639072603e-05,0.00025130643932128505,0.00014803134722460824,0.0002478850943096996
2015-05-21,0.002988091930629749,0.0003882608030521168,0.0011455478037402612,0.0011419704797527405,0.0013770346954264062,0.0017357770613941165,0.0014528536238406855
2015-05-22,-0.0012572887269903749,-0.00010371174511089537,-0.0013743039418704977,-0.001542897684433308,-0.0018366902438946178,-0.0020889331177644903,-0.0019301656239550837
2015-05-26,-0.00017586344730583783,-0.006065097589559311,-0.007160582246200389,-0.006140841233371346,-0.007463925188873661,-0.007206195823866173,-0.007381580706553236
2015-05-27,0.0026689212804697706,0.003172191454226665,0.0038271982005782515,0.002615689187657472,0.003953897852384187,0.0035234362244271206,0.003992053780609113
2015-05-28,-0.0004748064815402314,-0.002276191980364175,-0.002537722714567944,-0.0026539526779069296,-0.002580443015770052,-0.0027995124109050514,-0.0025353275730013187
2015-05-29,-0.0010859574128137704,-0.0025136437727640354,-0.0024662076943099305,-0.0008395132331429911,-0.0023728291855775177,-0.0018293288543698508,-0.002179442084410153
2015-06-01,-0.00162896533153069,-0.0014716118614297128,-0.0013082402398548211,-0.0011964484024241742,-0.0016452824970498612,-0.0015925637595955232,-0.0016417631359360442
2015-06-02,-0.003228835020969223,0.00078414577711667,0.0010106008000106154,0.0013442114406006268,0.0012011424513018395,0.0014049333815447007,0.0012412564862376478
2015-06-03,-0.0023292816877603525,-0.00021871745000792142,0.0006638495841048862,0.0008527577473591282,0.0006694129364454179,0.000916784979007691,0.0006655356852558942
2015-06-04,-8.261518698019421e-05,-0.006097204620279666,-0.005804858013845704,-0.006697975131892049,-0.005393333481778305,-0.005477847302832589,-0.005247279989214836
2015-06-05,-0.003626016535266216,-0.002598022881247581,-0.00296361757785375,-0.0024879190826855874,-0.003460279066261826,-0.003356104897656858,-0.0034679456110799263
2015-06-08,-0.00018111285795174587,-0.0010536215122164592,-0.001173633172785335,-0.0012535441544302217,-0.000767974671991587,-0.0006429575339758825,-0.0006546506209843039
2015-06-09,-0.0024131832609821753,-0.0026443674198007587,-0.0023482440530675315,-0.0023146797983073604,-0.0023751313015658105,-0.0022107968521382607,-0.002312665485329303
2015-06-10,0.0006980002981951308,0.006454098739984105,0.007063656167999712,0.007719049168363688,0.0065884643609703634,0.006682938735682943,0.006425114032761761
2015-06-11,0.004814349807091605,0.0014006207278947482,0.0016733320466845415,0.0015209586569831556,0.0017820733348019833,0.0017670321923412284,0.0017273711150495325
2015-06-12,-0.0023594504521179307,-0.002165189315465262,-0.0027160953337889565,-0.002861588686641164,-0.0026053372441118498,-0.002726541290808072,-0.002547968869315756
2015-06-15,-5.7259961049250965e-05,-0.0038466696450050785,-0.003486910296790108,-0.003854514613408463,-0.0032738507822205496,-0.003186911085202694,-0.0031687594792761935
2015-06-16,0.002495847266027171,0.002579670035848984,0.002361422016657561,0.0028312962548218685,0.0019574524870418406,0.0019928711698086227,0.0018581612536338991
2015-06-17,0.000429694845973499,0.0021275343534152237,0.0016413642139290073,0.0019342493119191614,0.001634489349550795,0.0016447429838882563,0.0016229929208534328
2015-06-18,0.0019272628720772452,0.005286511732555195,0.005322860962496234,0.00585510166378881,0.005058873329111526,0.005092027659701809,0.004912173614319745
2015-06-19,0.0015020138194048898,-0.001892946084708892,-0.0016398375524309791,-0.002111651962165979,-0.001266842329522774,-0.0013267860476761494,-0.0012382066594314291
2015-06-22,-0.0025491807159869983,0.0032715068360658086,0.003708962831803656,0.0036174352825393686,0.00346634929753244,0.0032564912219201275,0.0033708601986063413
2015-06-23,-0.0015854139202711019,0.0013098235831714552,0.0008876953758736011,0.0009686939390580885,0.0004626413387471612,0.00021668092503408895,0.0003848486441056561
2015-06-24,-0.0004186009488736156,-0.003247238702926953,-0.0034691551155458245,-0.003936425757007134,-0.0030870413611047472,-0.0031505265162164323,-0.0029727521780014044
2015-06-25,-0.0015364835581845875,-0.0017298308270068472,-0.0015513453465169098,-0.0016983684297507526,-0.0013275203755888378,-0.001248148829637804,-0.001262294879476222
2015-06-26,-0.002000246766960744,-0.0030743357259543965,-0.002383866497178538,-0.0028004644620686957,-0.0024748300273211253,-0.0025343317787548283,-0.0024619974681568428
2015-06-29,9.292311751200356e-05,-0.010752647954501019,-0.011299787418230851,-0.012435705767486626,-0.010399220481090314,-0.010419882304644457,-0.010061713321713414
2015-06-30,8.564898621582484e-05,0.0029010846747105678,0.0017790369754962531,0.0022793039795720453,0.0013077644090618693,0.0011607554973606304,0.0012299651750366718
2015-07-01,-0.0003940441418329608,0.0008670913843652036,0.002162434570515945,0.0012804950171840133,0.0018392466492236055,0.002229986629400362,0.0018474969812825915
2015-07-02,0.0007541908126228364,0.001173976894908987,0.000432968073841571,0.0009046626508268016,0.0005753843319698611,0.0006167191468371408,0.0005657315938735693
2015-07-06,0.00214038642349027,-0.005891002847755791,-0.005655590113201731,-0.005880237151588743,-0.005566218363307264,-0.00605273346725016,-0.005632952011505023
2015-07-07,0.0023463085723008023,-0.0015740032302128564,-0.00023160217263226723,-0.0012106796872343615,-0.0005658204276766905,-0.00012801399905986398,-0.0005755153877551393
2015-07-08,-0.002094177455502946,-0.009117442212732307,-0.010807010837468977,-0.009890258913252277,-0.010518901283803367,-0.011913921244771728,-0.010750305350161747
2015-07-09,-0.002314297108188695,0.0037370660661743688,0.0036275238859025767,0.00373019293273554,0.003507475402616399,0.003720852262594581,0.0035191340688532136
2015-07-10,-0.00038258954204065804,0.009174672187115282,0.009692799275840176,0.009771146463995798,0.00930197151136523,0.010650426698229099,0.00952797305795832
2015-07-13,0.0015338425138533677,0.0011884121369941773,0.003247136599303614,0.001859085982883307,0.0029345646564229687,0.0034186480302627557,0.0029863149866716805
2015-07-14,0.002330151263717376,0.0024885805830070456,0.003131139990541202,0.0028294181624464376,0.0029610291634211885,0.0037675383664000847,0.0031114896237216458
2015-07-15,0.0017460188298898732,-0.0022849646966078604,-0.002794671357928242,-0.0025529956639872603,-0.0027861356077282192,-0.003080083376923297,-0.002907939212084783
2015-07-16,0.0022689032139083885,0.0031054839107721444,0.0037167721704132483,0.0033239729764559397,0.0035622894017279336,0.003971665244638728,0.0035877904593094962
2015-07-17,0.0001346083629348517,-0.0005348148086641225,-0.001554568537955545,-0.000824428417296182,-0.0013615881232989589,-0.001819731939144284,-0.0014496751738853784
2015-07-20,-0.0013151281326598285,-0.0011276856757673596,-0.001690221043224036,-0.001246126601917507,-0.001696092048727007,-0.0019077450010694073,-0.0017543553018052119
2015-07-21,0.00024286931897173308,0.00031577540269235973,-0.0009500953803404874,-2.958353485409197e-05,-0.0006859932835943448,-0.0009060717198504226,-0.0006787000083088597
2015-07-22,8.454648765801142e-06,-0.0027050563643288995,-0.002143623728968584,-0.002592386207499508,-0.0022200265228167586,-0.002360856310990182,-0.0022495677732395623
2015-07-23,0.0008254652273110247,-0.0011815999992982093,-0.002768935025712076,-0.0016385313922422735,-0.002544215540223554,-0.0028597672338877994,-0.002573044539730152
2015-07-24,-0.002603838270639553,-0.005188658654332998,-0.006632874601565763,-0.0057996338466339325,-0.006397972679695179,-0.007482449300048422,-0.006575564143014219
2015-07-27,-0.0005689786844514618,-0.003460319216995138,-0.004597525615274659,-0.003755171249494339,-0.0045091495403862675,-0.00477468020603114,-0.004536245929221061
2015-07-28,0.00202198675382471,0.003973079134099066,0.005898540979477156,0.004669254546275675,0.005523291690139693,0.0066079563673287454,0.005667347859824454
2015-07-29,0.000976916093326142,0.002348438526351737,0.004254771343242441,0.002885297598411528,0.004001120406602764,0.004634639177023113,0.004080246895320293
2015-07-30,0.0002644375461522585,-0.0005653955993503732,-0.0003242725184443594,-0.0005069980947014948,-0.0004407097470386851,-0.00041625736972313845,-0.00047556349216701605
2015-07-31,0.002778911216927673,0.0028806637802200256,0.0021586189614808387,0.0027423541086044143,0.002192573474464536,0.0025206917071892397,0.0022446099644789453
2015-08-03,-2.1795447623855642e-05,-0.004676195178509819,-0.0037619050669244762,-0.004223835620396692,-0.0037824938706768098,-0.003914451067580095,-0.003980907630413569
2015-08-04,-0.0026357932221343894,-0.0008265704744913637,-0.0008993632347275478,-0.0006183668467403649,-0.0008602385394637498,-0.0010504851818819135,-0.0008697588319928732
2015-08-05,-0.00065386184519828,0.0012869543642924043,0.0008622297167572227,0.0008733262288949569,0.0011152840139032987,0.0012775817232977683,0.0011473031167950486
2015-08-06,-0.0009521763191001249,-0.0032574916357719745,-0.0025030354494786403,-0.00276943714308506,-0.002707410880331808,-0.002729435121169599,-0.0028033460652490206
2015-08-07,0.0006863795563567977,-0.0001379014430450682,-0.0003774580015113614,-0.0001958064839484169,-0.0008092901924670015,-0.0008788770079360675,-0.0007652909256244082
2015-08-10,0.0018631408008773942,0.008767028525932929,0.0069025231164674865,0.0069663720099024575,0.007508472800186603,0.008240573588058877,0.007808797675577687
2015-08-11,0.00048596045465216023,-0.007705071065830089,-0.005102733410431987,-0.0058996325939428,-0.005458326653491188,-0.0057227530113768636,-0.00576277258764042
2015-08-12,-0.0002601245273978575,-0.0027042176485822076,-0.001433529042059661,-0.002095115579373581,-0.0015176142119903012,-0.0011594310746417267,-0.0016005925317992735
2015-08-13,-0.0019402828738905309,-0.0010824234499817115,-0.0009185545351265327,-0.0009155546625845451,-0.0009444488813857496,-0.0009577151488843655,-0.0009620379773924716
2015-08-14,0.0005168430184383071,0.001100476411267655,0.0010154292420765992,0.0008885261695586987,0.001391733782403443,0.0013697220213966734,0.0013811941095357577
2015-08-17,0.00280221514388511,-0.0008898933510627975,3.125300236676707e-05,-0.000768598027498405,0.0006144069324435981,0.0008722250470012386,0.00047826799678448394
2015-08-18,-0.0020000721785496363,-0.00550311381880545,-0.004252457239169291,-0.004513652993033181,-0.004243768166834205,-0.004621413582079869,-0.004461494075406509
2015-08-19,0.00036169667170956113,-0.004064743495189628,-0.003052615205761967,-0.0034358147691715595,-0.0036427540731605573,-0.003640488794929373,-0.0037349488374729773
2015-08-20,-0.003773750229160036,-0.011532879599103455,-0.009037061152029523,-0.00909404398899933,-0.01026776351489641,-0.011378819918725453,-0.010566690165518481
2015-08-21,-0.0052443907218309715,-0.015297288373120006,-0.011098539307465072,-0.012032288900198276,-0.012206827487309281,-0.013101957797314602,-0.012711106036019042
2015-08-24,-0.009473440876834143,-0.02362371425367704,-0.018422001093990625,-0.01932366921812032,-0.020240650490594658,-0.021847637449156708,-0.020975414138887954
2015-08-25,-0.004554386638062629,-0.0007514282352883341,-0.0017353841643014652,-6.594397591375709e-05,-0.0024364703014534816,-0.003342223838944317,-0.0024239118789920583
2015-08-26,0.004707335886434066,0.016372098179877642,0.011795925046930295,0.012570617278114156,0.013422430524400885,0.014489031391977257,0.013951981099043415
2015-08-27,0.006592583965892456,0.01589513377517965,0.012934134006141839,0.013714744402949272,0.013738262983061762,0.014536398651141938,0.014275535171818423
2015-08-28,-0.0005296026921377591,-0.0034452514993133735,-0.0016112774392289238,-0.002501039125498768,-0.001065635850446057,-0.0009516442344146279,-0.0013138513806043917
2015-08-31,-0.002275539668328388,-0.0033861781441732134,-0.00220621047201922,-0.002407232221033271,-0.0023102180446251132,-0.002621512740859937,-0.00242881750488398
2015-09-01,-0.004171890532241448,-0.014299251891292011,-0.014020430439222539,-0.015496005920145703,-0.015081874817288926,-0.016540820491197088,-0.015159338070621548
2015-09-02,0.0031605515112777603,0.005419407071763522,0.005737410772658887,0.006374531207079381,0.006395106508975238,0.007098235381971445,0.006372176185468346
2015-09-03,0.0014077501163590664,0.0022555967759969467,0.0015393267826454672,0.0019992497929692443,0.0017397075121442405,0.0016803447459711987,0.001735096464564996
2015-09-04,-0.001498165970128681,-0.00871508979891202,-0.008567257130842188,-0.009124382508003539,-0.008969513601393711,-0.010028325342748511,-0.009000363650915711
2015-09-08,0.0037230519889429013,0.013055807910645943,0.012645845514513136,0.014062136460776607,0.013343007027718547,0.014621447995363974,0.013404437863667837
2015-09-09,-0.0027362285557693006,-0.0032414367847315583,-0.0032645181795929613,-0.003849921439914307,-0.003777779651272712,-0.003912428756923894,-0.0037865582488623125
2015-09-10,0.00028071671164481087,0.0020608913806340143,0.0024660684826503204,0.0024246884609071748,0.0024410457739060297,0.0028586560734675296,0.002458017568361324
2015-09-11,0.0019317040854613947,0.002181546555679533,0.001932363639472024,0.0021229194308559516,0.001954851733096839,0.0018130199967316307,0.001956316906981316
2015-09-14,-0.0006312169258758865,-0.001489171836665471,-0.0019298565106010863,-0.002017859289917647,-0.001973050776663619,-0.002395292371700471,-0.001989619585850965
2015-09-15,-0.0007150142091637002,0.0035481054625272576,0.0033203734942792436,0.0041560498605056635,0.003940845789679553,0.00431860130323738,0.003964707277860882
2015-09-16,0.0012236206750834994,0.007525783287644019,0.006765822250168096,0.007489697650043726,0.007034492680995815,0.007604417027247972,0.007074347236681055
2015-09-17,0.004584567126767689,0.0027629097765617815,0.002586040284685207,0.0024744860539500637,0.0021851012473974632,0.0021011196659013577,0.002192664429050782
2015-09-18,-0.002856897361198623,-0.0099799172359017,-0.010098746727466742,-0.010841031234959053,-0.010351902667217517,-0.011530787143875983,-0.010457039779134755
2015-09-21,-0.0011785062477949245,-0.0010066820631165346,-0.000733358339811298,-0.0007580187284676105,-0.0003990643890189512,-0.00037483426083822363,-0.0004039203679417212
2015-09-22,-0.0010993751892206887,-0.009202249002288585,-0.008794603378094222,-0.01002584660447847,-0.00913989790061806,-0.01038117355310697,-0.009193168501982589
2015-09-23,-0.0010794769155173234,-0.0034528621780320384,-0.0027671186598089603,-0.002978412172337537,-0.002887014616832795,-0.0029263500734137676,-0.002882145619857545
2015-09-24,0.00020952762216178622,-0.000907807515230414,-0.0010308253043825294,-0.0012160358721534656,-0.0011432131244211395,-0.0014162588925148592,-0.0011338849971448664
2015-09-25,-0.0018012270108571568,-0.0010387295151022221,-0.00021158068792366492,-0.0004611530123269043,-0.000282254802340538,0.00041822606776993946,-0.0002713250969023491
2015-09-28,-0.004061115268665062,-0.012306698649514402,-0.01144068372721577,-0.013390927635115584,-0.012343393097458664,-0.013216155944273989,-0.012403341346205774
2015-09-29,0.0011658043917915299,0.0007889986686919171,0.0006649249827322327,0.00036531463509413624,0.0005991673662928297,0.00040501974724612875,0.0006061024546226342
2015-09-30,0.004384821617155837,0.010073071145059145,0.009608204033450496,0.010618589031380701,0.010156885817568451,0.011085037676613445,0.01016346994959368
2015-10-01,0.0010322339464860762,0.0016784183089661303,0.0012011557234785854,0.0017095301975389272,0.0013115730018563548,0.001342954918976514,0.0012038734045788154
2015-10-02,0.005375091831348316,0.01168498906364458,0.010376591438775914,0.010614617520785383,0.011005349582333374,0.011237321158608924,0.011088753999244503
2015-10-05,0.0007974199285918976,0.012973941292005735,0.011076498976822464,0.012255041310213937,0.011405117860472224,0.010670650131856238,0.01115872170992328
2015-10-06,0.0013034274193304614,0.0003838616252920524,0.0008270986300921003,0.0007263096606906006,0.0006502685549638547,0.000892601773788533,0.0007706266676211766
2015-10-07,0.0012660616973933598,0.009535983389103917,0.007551022870892042,0.008668459239278668,0.008139454207079603,0.008353842812043842,0.008000681216325814
2015-10-08,0.0006804484892331754,0.007497307816362677,0.006091683512344109,0.00729939269399091,0.006315391537690644,0.006047332268064722,0.0061462210187961976
2015-10-09,-0.00037825766008412143,0.00032370889677810146,0.000752525634239741,0.0005610337753078538,0.0008593307208970191,0.0013875383342073916,0.0008834930618790524
2015-10-12,0.0020770353574141665,-0.0010359366581768757,-0.00027549028947153163,-0.0006248646925540006,-0.0004434719740083623,-0.0005619349579515738,-0.00037370478139342586
2015-10-13,-0.0014236617227623661,-0.007505772341668842,-0.00652501921946049,-0.00686284596355736,-0.006971903265711429,-0.0073016952659898035,-0.006982393738331021
2015-10-14,0.0019242275312755957,0.0009529937608731952,0.0009432775403956873,0.0009994673033708503,0.0011927579029340288,0.0024789027287944986,0.0013526332513011253
2015-10-15,0.0020056124233427744,0.010157805784067414,0.008371102671218048,0.008677783699921424,0.00889911478816668,0.00852045910994537,0.00876192204816437
2015-10-16,-1.1193693327077553e-05,0.0008760286808224983,0.0010263556526118576,0.0007644155171980583,0.0012067978735786859,0.0015223402672362397,0.0013245613465293115
2015-10-19,0.0010321921217447659,-0.0020973496264818817,-0.0010424621411862262,-0.0012518706886949043,-0.0013110827769125715,-0.0015283135290542953,-0.0013108657133334863
2015-10-20,-0.0018272551564106991,-0.0006505702555921935,-0.0012061414534235777,-0.0007872349500221603,-0.0013485101874244816,-0.0020468573135264956,-0.0014556126191130594
2015-10-21,0.00028208722397764837,-0.00552981921734147,-0.004498473879066374,-0.005326682997914339,-0.0049094743162024215,-0.00488908661442759,-0.004862396923548547
2015-10-22,0.003141450602995025,0.007986393100450373,0.006379424259025493,0.006322112843602209,0.006985220746535978,0.00651302514996264,0.006951859380075597
2015-10-23,0.0007629075779541656,0.0045339221743627926,0.004030991448542272,0.004056311687263316,0.00418880381780143,0.003648060509773261,0.004069565310243003
2015-10-26,-0.00011849605470460537,-0.003694588515563838,-0.0024517422375647012,-0.002953166888720664,-0.002684536295707393,-0.0025483007153162566,-0.0026389668265066903
2015-10-27,0.0004844945608872247,-0.0050070577318994235,-0.004262281512263345,-0.004762970694694753,-0.00438284885150416,-0.004382044327261977,-0.0043030492767189635
2015-10-28,0.00030052756492841403,0.004429584229163805,0.004359731007250582,0.005096154160370709,0.0037128032027584205,0.001523208229326868,0.0033926995149959195
2015-10-29,-0.0037159528540284667,-0.0041520749369945865,-0.0032141557276943867,-0.0034296991948288276,-0.0033248140925197607,-0.0029999635669385634,-0.0032524368484720327
2015-10-30,0.0013297514253221843,-0.0012490795947205215,-0.0010829237579103768,-0.0012694682550455098,-0.0011703626815103983,-0.0012420477236904622,-0.0011595574542704354
2015-11-02,0.0013430708208678026,0.00562119774130409,0.007599015734243878,0.00631448835604113,0.007348599366374181,0.006490419177784939,0.007213734826890195
2015-11-03,-0.0008839870083630655,0.001650520745151333,0.002109094287335818,0.0016248982211965472,0.0022782235750511393,0.0020106184612876136,0.002233934223990638
2015-11-04,-0.0005265810134748659,-0.002492480477606411,-0.0030780025446812773,-0.002577719093466771,-0.0031373653222881845,-0.003102361386071401,-0.0031385449788313416
2015-11-05,-0.0006024904340751435,-0.0004638287813969232,-6.466556023295854e-05,-0.00020184559670144995,-8.146398845964995e-05,-0.00023399144874697414,-8.039810488744976e-05
2015-11-06,-0.0036925710070758945,-0.0031487401891924383,-0.0036527864785535612,-0.003202269611664592,-0.004040880020596171,-0.004300337415070165,-0.0041238611705393695
2015-11-09,-0.0026994722237183555,-0.00535560953068835,-0.006422872660673812,-0.00541354834098942,-0.006232518927745945,-0.00546868746608223,-0.006118672544825232
2015-11-10,0.0019363070699236263,0.0011646089780403836,0.0007057566348137707,0.001145397916375397,0.00047354553054675504,0.000491569436281887,0.0004451647724351136
2015-11-11,-0.0019514064146511445,-0.0006707837337007899,-0.0009036324768758711,-0.0011128892808862773,-0.0007687437277818966,-0.0006884580834623403,-0.0007345750262735478
2015-11-12,-0.0025487974166061344,-0.00635990006840454,-0.007521947655622241,-0.006854297341519282,-0.006870462623562819,-0.006098938655124685,-0.006700074454834537
2015-11-13,-0.0008039140084947496,-0.004116394317446788,-0.005131464741241437,-0.004248996121653946,-0.0051266092509690345,-0.0047609695761192256,-0.005040492696476105
2015-11-16,0.0038339360508285124,0.006683212134832181,0.007596840838517263,0.006593692825624374,0.007430501841657404,0.006754923419628474,0.007294968600714124
2015-11-17,0.0003048243240473971,-4.556240102980422e-05,-0.0006449497032835392,-0.00041284726550272716,-0.0006093035036101105,-0.0004217772799725571,-0.0005926016181664127
2015-11-18,0.0029241992888581025,0.006632524668084627,0.00722557666903091,0.006879621561261281,0.00675755209583739,0.006335547892225836,0.006602930628704975
2015-11-19,7.257285654179194e-05,0.0011043318474443327,0.001586884211395905,0.0010268701005692752,0.0018502517567624353,0.0019222947524165745,0.0018961594102726979
2015-11-20,0.0004414905661750541,0.0008034907520590379,0.0013006396866768073,0.00101233327491155,0.0013218482295936985,0.0010769713358447395,0.0012730546172116585
2015-11-23,-9.369916268532331e-06,-0.0013567110716272786,-0.0012655042888989562,-0.0008543218680449584,-0.0014279146139279828,-0.0013671710240933486,-0.001422014672333648
2015-11-24,0.0012917632071607207,0.0015213245658194634,0.001991568392152624,0.0018089470791262457,0.0019278202029188903,0.0018321641511918141,0.0019149463006941409
2015-11-25,0.0005218932120661874,0.0001664318406096706,-5.0424824612451744e-05,0.0003085638210582298,-0.0003618572229785214,-0.00031422764855691925,-0.0003729061966984758
2015-11-27,0.00011109882752140734,8.579792677767234e-05,-0.0014761095337888573,-0.0001189791689893253,-0.0020608465984268357,-0.0016347948098696522,-0.0020994232116962517
2015-11-30,-0.0006493935019730326,-0.0015058935023018333,-0.0013632554319794937,-0.0015212090212965899,-0.0012579662643460892,-0.0013746241027478307,-0.0012275651667143384
2015-12-01,0.004849387599208763,0.005167383196317795,0.005751938515692483,0.005557674777714298,0.005809175264270466,0.006457521162894586,0.005799202219181182
2015-12-02,-0.0032967842490519363,-0.005608072831050065,-0.006140101397913072,-0.006116935107380032,-0.006464619951944434,-0.007035365174578223,-0.006444315838882477
2015-12-03,-0.0090834873620864,-0.004681086648264665,-0.0034110530055656927,-0.004590584070598534,-0.004509579723449481,-0.005152621016718217,-0.004615846644615625
2015-12-04,0.006686372881628324,0.005148300729299423,0.004686648381919678,0.005422631945057635,0.005291141234255414,0.005906052748578708,0.00532983110683609
2015-12-07,-0.000634694569228764,-0.004861756279247261,-0.005097782500399285,-0.005256356813125468,-0.005468801206305802,-0.005750816805441469,-0.0054192309024978635
2015-12-08,-0.001079485461656832,-0.004987046815239397,-0.004784654026827601,-0.0050842649280522945,-0.005077709309932057,-0.005985943346911281,-0.005086391636881579
2015-12-09,-0.0019521601758493482,-0.0022599715410532707,-0.0013965750930926158,-0.0022412330113005903,-0.001980125570511358,-0.0020442497214577904,-0.0019812577995235543
2015-12-10,0.0005283501971521628,-0.0011892622251939286,-0.0017127381713898414,-0.0011929342755866033,-0.001413332317056967,-0.0009994275470368227,-0.0013478613909567408
2015-12-11,-0.00254153801740779,-0.010807768856071995,-0.009447557803695258,-0.010871722022441348,-0.010337890070599397,-0.011180917870226258,-0.010269998616666538
2015-12-14,-0.0028117135911467244,0.00212080488356102,0.0006605739997479507,0.0015237705482439886,0.0006487686985133816,0.0003584453962563184,0.0005838631047071286
2015-12-15,0.0025055788022533432,0.004566804693477155,0.004521361600248609,0.0048714456637422646,0.00517028245174158,0.005187067741075271,0.005158986726182259
2015-12-16,0.0019402491364453262,0.007385924648940015,0.006508736310271216,0.007500766766152828,0.006956984077984515,0.008126364552350301,0.006928116578131067
2015-12-17,-0.002262775019310778,-0.005449558251373341,-0.00585179080829362,-0.006101041647980105,-0.006173859325396857,-0.006850430781876249,-0.006136291192878082
2015-12-18,-0.002219288643903419,-0.00528601245075922,-0.004926570777576912,-0.005760584686584766,-0.0056331426587087,-0.006506628040297577,-0.005647970521170477
2015-12-21,0.0010918800944710674,0.0031600374891575253,0.0036539525167884387,0.003638847560750679,0.0037434561045107803,0.004018600265815107,0.003696244437037877
2015-12-22,0.0014779017462338236,0.003942568410193834,0.003916233242296849,0.004265352791573902,0.004325099637472104,0.004771430107402431,0.0043123757636690475
2015-12-23,0.0026955263620031034,0.007220403824571804,0.00720544426613701,0.007566562935279202,0.007730821415320985,0.008682426911936046,0.007731326290714165
2015-12-24,9.17873924737549e-05,-0.0006569814293165936,-0.0003444519050704321,-0.000519925531192299,-0.00036086587618626995,-0.00047251710808883984,-0.00036603096381231267
2015-12-28,-0.0004966623299830559,-0.0017702428830788052,-0.001655799320488126,-0.0018286555717027825,-0.0019212851421174547,-0.0020875800432124153,-0.0019241990310699824
2015-12-29,0.0004919615434786223,0.003224582791447681,0.0025394395935524902,0.003384250152269979,0.0030407958574046167,0.00405031284146235,0.0030826951932607823
2015-12-30,-0.001856675392136555,-0.003817533908274134,-0.0039215971215425215,-0.004079746035459358,-0.00416909782493392,-0.0042228555751996615,-0.004119757191529275
2015-12-31,-0.00011970000652079728,-0.0037615288886363525,-0.003767102843424259,-0.004203737630073548,-0.004023489129880408,-0.005124998798005461,-0.004024729488573935
2016-01-04,-0.0037255208919439275,-0.006165722943028246,-0.008440430656057873,-0.008464990446698087,-0.008764802305102237,-0.007512035764214374,-0.008828130444497694
2016-01-05,0.0008716004714820025,0.0008525070193693761,0.0002953384725374777,0.0006554236055311955,0.00047171631600282456,0.00047914158146391005,0.0004529385965397599
2016-01-06,-0.00016015748287577644,-0.005042638757215431,-0.006632089251713477,-0.006685480517310838,-0.007203109543835242,-0.006692489083265951,-0.007294328861398615
2016-01-07,-0.005708423638537685,-0.00922892778134739,-0.010590053532668396,-0.011360947482883403,-0.011567519055190413,-0.010540769398948881,-0.011638703705785833
2016-01-08,-0.0009184409533071868,-0.004126063475616706,-0.00504479313283069,-0.005230481266674223,-0.005547992133423027,-0.005261611704329892,-0.005609601623262194
2016-01-11,-0.002337094074024856,-0.0013719926036944784,-0.001682529465676118,-0.0014800668062809176,-0.0015607101233896497,-0.0009606368066027806,-0.0015149712558590476
2016-01-12,0.0032791435526465726,0.0013577644903642596,0.0017364283051779189,0.0018671471881748605,0.0018440700406474066,0.0019177440395468756,0.001902744656832683
2016-01-13,-0.0041536781917637655,-0.008321322690061856,-0.008962930655139107,-0.009736521490223046,-0.00993440459259676,-0.009349741559866714,-0.010008800540406322
2016-01-14,0.0032377336683219724,0.0055796591234904035,0.005991320138462153,0.006552666658353925,0.006476523787078759,0.0062715677885561896,0.0065544783750540545
2016-01-15,-0.003915915109878654,-0.010767904196707886,-0.013812368318110512,-0.014163282971369394,-0.014182009087791148,-0.012896753884557174,-0.014365980320433899
2016-01-19,-0.0010180492823220466,0.0005834039070890635,0.0014112026929061078,0.001480717214127961,0.0010244058670630845,0.0007184811892429958,0.0010858303716396974
2016-01-20,-0.0016306249117889102,-0.006370173129477526,-0.00797499440793664,-0.008278933049130199,-0.008040789611043698,-0.007688613700685873,-0.00818322720361106
2016-01-21,-0.0001596538028475191,0.0020596651173411785,0.0020008636435998334,0.002425488652559228,0.0019951906437697354,0.002141503812802379,0.0020537712318376036
2016-01-22,0.005468284096183793,0.009805015276620192,0.012260424224983878,0.01261010814823511,0.012965995118196339,0.011792647860399076,0.013095480264308478
2016-01-25,-0.004202273246522775,-0.006728727749660757,-0.0074127369840802475,-0.007957004095242526,-0.008311335278789963,-0.007843614882787436,-0.008355190896438991
2016-01-26,0.004493563234042218,0.007293286847503342,0.008784185170768826,0.008805662061991517,0.009604180366804459,0.00904707390475812,0.009672302125007422
2016-01-27,-0.002475716851159852,-0.0015112040950596504,-0.0022067367748296327,-0.0023652115298662527,-0.0026209623465813436,-0.002450354516399628,-0.002676497514269685
2016-01-28,0.0015507817897096737,0.0029809417365179794,0.003983634239866133,0.003956635268328118,0.00384896505887354,0.002910207541935495,0.00384466116385175
2016-01-29,0.007965375620324698,0.010533540934385613,0.01232667905214572,0.012741855206360293,0.013444697761965612,0.012070270065497369,0.013481027879163528
2016-02-01,-0.0009245498366411979,-0.002105053081774634,-0.0015433220319719778,-0.001976023373401409,-0.0016793733169923142,-0.0013866356135931364,-0.0016969557670690155
2016-02-02,-0.0014847138051153359,-0.009187682950615353,-0.010257145132057315,-0.010730640032106255,-0.010901976007012534,-0.010250836474960221,-0.010841517241420604
2016-02-03,0.0011412280364405496,0.007050853660280759,0.0077365624889799665,0.007105340141981352,0.0076575015495759895,0.007445606453501156,0.00758120933983753
2016-02-04,0.0012817623371806555,0.0030453406276590707,0.002966857828415676,0.0032288113156103736,0.0030813370205116236,0.0030366360286751583,0.003044033300043256
2016-02-05,-0.004881736090756587,-0.006840773244879148,-0.007725714778067751,-0.008188347605972833,-0.008309640100878667,-0.00785294091634742,-0.008247954988962686
2016-02-08,-7.151061093073818e-05,-0.006028262439387162,-0.00652322459349183,-0.007108964757566056,-0.007066450487573098,-0.006675034798719952,-0.007020210241636134
2016-02-09,-0.0003310809610979836,-0.0033358594807274657,-0.0033241859823306503,-0.0036295563170949366,-0.0034213007844646967,-0.0033280042792247404,-0.003391121169554652
2016-02-10,0.0020930659267882554,0.0007094496864681393,0.0006298471855350518,0.00047643985561306146,0.000560419471977927,0.0004567961505101275,0.0005487127794830301
2016-02-11,-0.0019919079611414,-0.006063848442674914,-0.006798019457512091,-0.007203918819994276,-0.007251991955477766,-0.006943300614097549,-0.007218681049203775
2016-02-12,0.0017519922411671019,0.007427035783159971,0.008098769585257393,0.008885758510028976,0.008877809158445441,0.008253904284223797,0.008867657478831437
2016-02-16,0.0017182230986370287,0.007296733538471483,0.007775730217341672,0.008736988862077476,0.008559715616525906,0.00778717477126939,0.008534782026798774
2016-02-17,0.0029044369349723537,0.007626496659904972,0.008310627972908687,0.008604270279058985,0.008799272602376527,0.008255645691137363,0.008755042565495563
2016-02-18,0.0015999444933519698,-0.00034352849356658697,-0.000822595508286864,-0.0007412753603573272,-0.0009222623835299894,-0.0007876973773326254,-0.0009214167163256725
2016-02-19,0.00018742402276677588,-0.0005420862716665968,-0.0005099578194631875,-0.0005981595580125151,-0.0005550972212865383,-0.0004696541644698721,-0.0005627488493110738
2016-02-22,0.003164770576888676,0.006847534756757067,0.007033878567762499,0.007744786599222153,0.007656238861167215,0.006802854822025733,0.007661405486328909
2016-02-23,-0.002288892917577998,-0.005735031279293005,-0.006894943234376057,-0.006771858048141481,-0.0071701999226135415,-0.006752087119944559,-0.007136339385043716
2016-02-24,0.0013259935061585377,0.0013635829627196014,0.0009013827962850838,0.0015636752157722515,0.001219761314468008,0.0009609117898305961,0.0012195224434241518
2016-02-25,0.004422984262195077,0.004669049823178653,0.005454950689858574,0.0055487041678268486,0.005722542946894644,0.00566932679011488,0.005683238535275621
2016-02-26,-0.001611381109710847,-0.0009016563522164161,-0.0016272380798575453,-0.0007680009538805641,-0.0013333540605103326,-0.0012908323436749943,-0.00131209034379892
2016-02-29,-0.0006661806786868394,-0.0002676972206390884,-0.0013515974634050183,-0.0009330644375483938,-0.0014633089355504142,-0.0015059991004750463,-0.0014738555342884278
2016-03-01,0.0021509403534777545,0.013077851508570135,0.014058076239858674,0.013539982120880308,0.014392264175582184,0.015256899762903862,0.014506227380196964
2016-03-02,0.00018289443988779206,0.005100401440632353,0.004839575894461729,0.005797507977750875,0.004936336859652889,0.005219632359956999,0.00485482033263536
2016-03-03,0.001908702776541818,0.006298762201727377,0.006058724075305522,0.0070836048602104735,0.006018637560887847,0.005893034143727248,0.005917433349484406
2016-03-04,-0.0005927686943944511,0.005929642686180855,0.004670268384623851,0.006008076862606014,0.0049134698152933564,0.005124237522317424,0.004943344533515149
2016-03-07,0.00017367751605981037,0.0014073192513352124,0.002021014788878974,0.0022769934409656804,0.0018383526224824962,0.0017264266954894639,0.0018410908651108765
2016-03-08,-0.00038987006071551644,-0.006983516847580395,-0.008371601174650207,-0.008492689688148484,-0.008343210430042691,-0.008662011171229621,-0.008332240126771438
2016-03-09,0.0005629421452932649,0.002427348296409619,0.002847777777547509,0.002689837998097494,0.0028804290322263287,0.0029752294493298383,0.0028978040640859704
2016-03-10,0.00031203304414456954,0.0014505140962942317,0.00012574552020718844,0.0013525234563428825,8.189987312042069e-05,-1.0025354831025232e-05,1.660842476694967e-05
2016-03-11,0.001780846514928394,0.010461914303253023,0.011830749159671203,0.011488690900420128,0.011885563782745443,0.012339540798602295,0.011834829042637883
2016-03-14,0.00021997862010383217,-0.0022025061412917985,-0.0019221471967948288,-0.002357150017137806,-0.0019522436918594185,-0.001923452831191144,-0.0019870734990954796
2016-03-15,-0.0013930318714079632,-0.005380382110286832,-0.005371948713629955,-0.005623980891880349,-0.005480435919876519,-0.005527645571034091,-0.00554546792779852
2016-03-16,0.00467384036716624,0.008964843288735813,0.007941160875355338,0.008794855217178085,0.008123720172872669,0.007800105434920618,0.008235090141264782
2016-03-17,0.00316660354246299,0.009384257428064861,0.008637270501486062,0.010042621645714398,0.008691209448582562,0.00861602302513513,0.008745046736783245
2016-03-18,0.0015125631681031956,0.0033188092787593444,0.0023925369873908724,0.003366842570405595,0.0024729808814638104,0.002382522580736994,0.002465862775244903
2016-03-21,-0.001575674128419704,-0.0007002282345138856,-0.00038543442053075625,-0.0009757959726185131,-0.00027120533768207594,-9.894265278130072e-05,-0.0001204897772535207
2016-03-22,-0.0005699695898758952,-0.002144423081503181,-0.0012650198751090972,-0.0018849600780909564,-0.0013340067331705883,-0.0012837842852462958,-0.0013697761399012113
2016-03-23,0.00019855931457325076,-0.006009064698276078,-0.006875574769688581,-0.006981703683888505,-0.006883966482512405,-0.006979917427059953,-0.006937520477207244
2016-03-24,1.7929681621344278e-05,-0.0003232247005197689,-0.0008505391405663628,-6.236937850100696e-05,-0.0008810513010733547,-0.0010484583202985244,-0.0009331916059174027
2016-03-28,0.000716857427868249,0.0015896832958585824,0.001847930999314204,0.001676432377312262,0.001825538655706839,0.001858646590528893,0.0018235116489112475
2016-03-29,0.004555846155429727,0.007899222445412704,0.008631935496641048,0.009009814613945209,0.008518081278596004,0.008080011863084258,0.008425842788400494
2016-03-30,0.0004419179280926697,0.003672057221755513,0.0028779955779182757,0.0032209629935058496,0.003083306530022722,0.0032996735070971086,0.0030966148258426323
2016-03-31,0.0023406120465800898,0.000708095555965602,-0.0002783526566933069,0.0006823948689727614,-0.00031811019818060737,-0.0006599921668128969,-0.000287451809410214
2016-04-01,0.0005244447470136281,0.00205384390336734,0.0004203475893437181,0.0014407089809525535,0.0005730068897557121,0.0015287502957852424,0.000726989771556146
2016-04-04,-1.950018943674785e-05,-0.003596829330625676,-0.0034633597012758118,-0.0029204205814076013,-0.003425844268913881,-0.0034544172870539973,-0.0034236560595463225
2016-04-05,-0.0008171834465760081,-0.006379937782193729,-0.0076605570314722815,-0.005894575073703537,-0.007485410970434888,-0.006796508359988216,-0.007395759192926482
2016-04-06,0.0020070014044662773,0.005574396199855893,0.0063894694409460185,0.005119310482763695,0.006209689490349828,0.005818164025192925,0.006121535964556302
2016-04-07,-0.0006115748317807,-0.007011980591347626,-0.007450103115122128,-0.006103018752048172,-0.007277647790953114,-0.007015972700336843,-0.007197154234667312
2016-04-08,-0.00022946341658708585,0.0042594549099594595,0.005973062220538564,0.004055725739747782,0.005818160204412099,0.004737483160838163,0.005720247460133502
2016-04-11,3.340795175229736e-05,0.0013679915499600973,0.0010841567582445238,0.0009782107537360323,0.001211168808984041,0.0010570842875489168,0.0012574223253112768
2016-04-12,0.0006052848180568902,0.005759254016275386,0.006561492440194628,0.005132441148537959,0.006295799630442936,0.005883781804634032,0.00614576371062699
2016-04-13,0.002665245719635748,0.007575178650003608,0.007998463211617974,0.0066535783598288805,0.00767307932322111,0.007276456858798519,0.007457017666155447
2016-04-14,-0.001451760870217256,-0.0011233494819696042,-0.001033758848889404,-0.0009263015137835139,-0.001145079644348968,-0.0011601839884383864,-0.001222676290611649
2016-04-15,0.002159029760954306,0.00020546137315879167,0.00014454463399626524,0.00028698909491299085,6.22404772402117e-05,-1.7921517136174547e-05,3.4898042654466565e-05
2016-04-18,0.0012423199896760095,0.0029649308788768833,0.003466635512950625,0.002797900432796525,0.00328181746297961,0.0030950052699521783,0.003200743117379796
2016-04-19,0.0004791450623804945,0.004460813026275941,0.0060637023396269436,0.0044321496028790364,0.005954262437353532,0.004964209835938167,0.0059174633508121514
2016-04-20,-0.0017541329627996656,-0.0008234222013168297,-0.0007609444378860476,-0.0006325430886598521,-0.0009067854018357367,-0.000849050475262884,-0.0010027887343886676
2016-04-21,-0.002060377709632821,-0.004560556689148124,-0.0046978846971066236,-0.00408404541563935,-0.004586008850600048,-0.004341891651497223,-0.004544955458247511
2016-04-22,0.00034898470746984295,0.001413989411448452,0.001567847696120396,0.0013581418836922739,0.00130265544759859,0.0012290435711570897,0.0011776687311441478
2016-04-25,-0.0013508236621656848,-0.003152943087454468,-0.0032201827614306185,-0.0028319227905937248,-0.003122546091818815,-0.0028780612426371746,-0.003062554889370066
2016-04-26,0.00017062197183249212,0.0037249515176483883,0.004065027502842769,0.0032381108986576945,0.003965953727947217,0.0036814359511393915,0.0039480384774272705
2016-04-27,0.0028811603103996307,0.0034844787612455025,0.003256445871070552,0.003240548439560064,0.0032077899724420544,0.0031055341224554,0.0031991716463474792
2016-04-28,-0.00016308748294581454,-0.003955734046961183,-0.004604255030054163,-0.0034338329733286715,-0.004343793329679152,-0.0041595996188841435,-0.00419690939566535
2016-04-29,-0.0012193332720157421,-0.002170405835660379,-0.0018261522898301904,-0.0018382588428056278,-0.001672583736476066,-0.0018755151962757607,-0.001557260899587827
2016-05-02,0.0009731789120255795,0.0028367770578695585,0.0029012022458124375,0.0028931114758541637,0.0025279006425697353,0.0028316223469142584,0.0025420724825087285
2016-05-03,-0.0005339894126867592,-0.008263257061052173,-0.008015904693229693,-0.007898801785888651,-0.008069475758174594,-0.008165659464373361,-0.00808348324618723
2016-05-04,-0.0008042891901677413,-0.004748782854932991,-0.004659273506777122,-0.004560985500972132,-0.00467414688275515,-0.004822293579159098,-0.00467524978738336
2016-05-05,0.0019574348411712994,-0.00011941617328141879,-5.636799849027645e-05,-3.75147334278884e-05,-6.561212745700832e-05,-4.0424449943488126e-05,-0.00012314441281095507
2016-05-06,-0.0005040602514339796,0.0022166346097611065,0.002067173858038749,0.002177923602277987,0.001954362407617813,0.002032218293613236,0.0019706912130980766
2016-05-09,0.0006909971285685182,-0.002370087559536483,-0.0022314099200659533,-0.0021656491815131946,-0.0025103472679901015,-0.0024629286182353085,-0.002548414061856738
2016-05-10,0.0027089978075691516,0.007899448949768774,0.007704073185472258,0.007697027907691292,0.007639994930269997,0.00789779911504803,0.00761037143941967
2016-05-11,-0.0017636266498663256,-0.0032044768735025155,-0.0031448127529677492,-0.00317550751201314,-0.0028570900509793883,-0.002893991446338281,-0.0028109767010599347
2016-05-12,-0.0007793734966383393,-0.0009263223673403004,-0.00106473558086357,-0.0009227685301557163,-0.0010900340922274324,-0.0011140418074293919,-0.001175716859676634
2016-05-13,-0.00017089422410263054,-0.005824090091765824,-0.00569494622073931,-0.005552903908294717,-0.005777137325222848,-0.00594722049743073,-0.005848174488562001
2016-05-16,0.0005822639878127879,0.005565291071924746,0.00539294842839475,0.005386991189099185,0.005247881468215927,0.005447732469221312,0.005265125930327037
2016-05-17,-0.002840525548129393,-0.004344533895423716,-0.004433497503335536,-0.0043938982924195125,-0.0041978794444049936,-0.004512186412008784,-0.004228653415089321
2016-05-18,-0.003395606124582916,-0.0031804036543897113,-0.003099971023807651,-0.0032156106077867795,-0.003312666718752433,-0.003592598564443951,-0.003336654256626174
2016-05-19,-0.00028109187845229704,-0.0034792742663617418,-0.0032653259021993954,-0.0033286925496625016,-0.003310136367897726,-0.0033896346236720436,-0.003292011882017252
2016-05-20,0.00201129046024991,0.005442220686326807,0.0054097146220152634,0.00535462054793793,0.005273955848307331,0.005391825359240515,0.005305873381774001
2016-05-23,-0.0003857274898184289,-0.0011867426020988278,-0.0012175722174509458,-0.0011617040735250085,-0.0011840714317638739,-0.001198878211764002,-0.0011987756313464758
2016-05-24,0.0021889896973241183,0.007032398601395167,0.006911087483560907,0.006945912131906155,0.006608579191842037,0.00691078662885751,0.006577717011090787
2016-05-25,0.001577361756259701,0.005437449620337299,0.005384754179264757,0.0053266059408487425,0.005315555634293287,0.005511211011317111,0.00533222076159332
2016-05-26,0.0011944318967704872,0.0007082832715252602,0.0007116370995007838,0.0006322019789209565,0.0008884032792319224,0.0008762607135350129,0.0008995245935223807
2016-05-27,0.0007280971962763015,0.0013172076024322982,0.0012986116314096037,0.0013664780010790658,0.0011447878076069574,0.0011885447386627908,0.0011160654106800749
2016-05-31,0.00041050098210249466,-6.05866399579001e-05,-3.256439115640193e-05,-5.452215444349249e-05,4.5446087647713724e-05,1.0911531170807159e-05,5.915163452104683e-05
2016-06-01,9.313773894900417e-05,0.0021361123929083403,0.0013525415017910242,0.0017642310671453798,0.0014759258155631317,0.0015031318372155282,0.0015071260076077876
2016-06-02,0.0026976136577132725,0.002049201598539048,0.001975003397072019,0.0022875319969194664,0.002206558610351662,0.002923452881576977,0.002257969369416738
2016-06-03,0.003776609873119686,0.0046763553149121164,0.0054545673343671065,0.004143924173276636,0.0049851125706831725,0.005936586350090164,0.00492856701954312
2016-06-06,-3.464559510006756e-05,0.004237641923901006,0.0037759531848962427,0.004294205548069055,0.0040303666174249,0.005023778841297062,0.004209949152775894
2016-06-07,0.0011081092939907544,0.0030157861509571113,0.003271157030161468,0.0030569088626311767,0.0032640115818565285,0.00411075002668258,0.0033723568242453516
2016-06-08,0.0009898322377580667,0.003420267857716015,0.0031440761615666875,0.0032984897613945294,0.0032478594046335733,0.004005148507150821,0.0033272156848953966
2016-06-09,0.00016982891152572655,-0.003369211228553084,-0.0036580867606658455,-0.0031656856653726542,-0.00357477315995287,-0.0044448973132236854,-0.003763664779886119
2016-06-10,-0.0009908753406959226,-0.009424533420529492,-0.009536837785171195,-0.009016843028863837,-0.009558458366270518,-0.011635214332958329,-0.010015112942736625
2016-06-13,-0.001014249110671329,-0.005667471878557121,-0.005305480185596642,-0.005450264050525613,-0.005498743066201376,-0.0066392238045092965,-0.005800347941863541
2016-06-14,-0.0007186526393035862,-0.00390656122957536,-0.003792926432936091,-0.003278791771781784,-0.003611359062047922,-0.0038863832037084314,-0.003806084715806835
2016-06-15,0.0015115865144532112,0.002737648368522673,0.003111143724976902,0.0026147547570127988,0.0029728254043364395,0.0037142988690293255,0.0030184161302020717
2016-06-16,0.0010879067285360048,-0.000384709324446206,-0.0004556665342610366,-0.0005115496237115646,-0.0004394091336760352,-0.0007776133011730927,-0.00039707147815266626
2016-06-17,-0.0012328484254330147,0.0012974987042202219,0.001727298991286089,0.0012795300818435995,0.0015805646970048519,0.0020802208117805775,0.001684830856945635
2016-06-20,-0.0008528366515442992,0.006887904327941493,0.006728563101436526,0.0062115046102732135,0.006651955449725673,0.007874800901814822,0.007050813842219238
2016-06-21,-0.00014090311708731977,0.0010353190255525232,0.0015263836430853587,0.0010923906154790002,0.0014698324230849038,0.0019655532511710268,0.0016082906622701774
2016-06-22,5.1668561772574254e-05,0.0002871993990261723,0.0003550229872522003,0.0002413921984704992,0.00028329561534928274,0.0004495392299909907,0.00023097243534865174
2016-06-23,0.0014039458088869455,0.010137903994679696,0.009964580703560693,0.009871106766097145,0.010144406026473308,0.012277744529741546,0.010629218813277403
2016-06-24,-0.002985453834045541,-0.02765551086001906,-0.027124028632393618,-0.02579159440203689,-0.027098956601486264,-0.031683493449515134,-0.02849771027325288
2016-06-27,-0.0007726750974420753,-0.011483093947916306,-0.009478840770848599,-0.011060237297349578,-0.010139717280272076,-0.011565062906781623,-0.010628385141358367
2016-06-28,0.0046727698696240084,0.012028246818397103,0.011717854416487688,0.011731197644246216,0.012008794730637793,0.01442028910513956,0.012539336444169685
2016-06-29,0.0030215901082929356,0.011683055093747709,0.010574394641880563,0.011341843601830711,0.011066793914278273,0.013299269029792686,0.011525831195530264
2016-06-30,0.004386536973268188,0.008204989083060724,0.007114573706598551,0.007922784601714401,0.007542806856992449,0.008656876300964931,0.007859840104974897
2016-07-01,0.00217599708831355,0.0029460628321593563,0.002896376311963201,0.002711915373564286,0.0028652197626816258,0.003009907561202948,0.002866822949436191
2016-07-05,0.0008590937353444236,-0.006901200209994058,-0.006968027087075986,-0.006853021962161119,-0.007229243924448474,-0.008287375422582503,-0.007336039812822657
2016-07-06,0.0025936318046733634,0.0019449532531036655,0.002133019564449081,0.0019307820830380689,0.0022147330031068754,0.0023824625367261645,0.0022122103363257195
2016-07-07,-0.0006518202765413673,-0.001190775753058665,-0.001189004441445221,-0.0012424492682517984,-0.0012433211430225482,-0.0014560585943316456,-0.0012701534544535516
2016-07-08,0.0042155788871502155,0.00962325564143928,0.010067532364117126,0.009423220363229417,0.010219793388911182,0.011185031761855804,0.010264160610721551
2016-07-11,-0.0012613990693840765,0.003686078791857562,0.0036383065407251847,0.0038773647645022405,0.003929218381273211,0.004447886174690609,0.003937251056897059
2016-07-12,-0.00101766052661839,0.0055005359316940405,0.0058549303456298715,0.005536599520537,0.005962226937749591,0.006808672532670476,0.006065873859166421
2016-07-13,0.0010416231272701816,0.0003010518558151346,0.00035337318674925455,0.00037357241568575396,0.00039392137854250803,0.0002487350186991588,0.00037296142337033586
2016-07-14,0.00016688731054325529,0.0033329683330847286,0.003788025674930414,0.0035073590643747736,0.0037509687507155834,0.004297770097765088,0.0038310579660561107
2016-07-15,-0.003071458910912355,-0.0015371945845925703,-0.0015603382230401823,-0.0018404642930000851,-0.0017193214158321914,-0.0018929441032785412,-0.0017280811347249081
2016-07-18,0.0005898426957920372,0.0016205240237037823,0.0019519805510726383,0.001653319160997179,0.0018452314813418229,0.002112056754555941,0.0019015404790970296
2016-07-19,0.0012735682945142462,-0.002465345667013857,-0.0026323630961093353,-0.0025667845264072736,-0.0026265851497393362,-0.0029803141792850646,-0.002676627201875958
2016-07-20,0.0002279868829752074,0.002065101731748005,0.002275698842902311,0.0023024282581003684,0.0024142741439921083,0.002849842485867826,0.0024488806832146407
2016-07-21,1.6288284542747373e-06,-0.001439724241666679,-0.0016573686304552173,-0.0014952198183993538,-0.0016902622920819425,-0.00188520062563421,-0.0017055094524435713
2016-07-22,0.0009897687732195416,0.0018282694101157044,0.0019610936149931464,0.0016143236371517398,0.0019040232162844974,0.002192750270007013,0.0019352044249510317
2016-07-25,-0.0014575071536462266,-0.0021943162715173793,-0.0022059292360605545,-0.001956126593879948,-0.0021048823639127586,-0.0023453309020145053,-0.002132329692872324
2016-07-26,9.406068726647992e-05,0.0018472386630847381,0.001735395757989627,0.0016972076011718372,0.0018176414643369405,0.0021148585225714955,0.001855755535862052
2016-07-27,0.0022628195572269665,0.0009866052248002483,0.0008185758006573112,0.0012956723680132756,0.0009676428394840588,0.0009334691404762412,0.0009260095513533455
2016-07-28,7.075862526581455e-05,5.6944199338877506e-05,0.00015922171226139057,0.00013014172677411183,0.00015058186399814451,0.00018837564433206027,0.000165554323262276
2016-07-29,0.0026223363589156913,0.004038582076818131,0.003871214602942865,0.004309648155033867,0.004169216456647058,0.0044772498418060944,0.004157517434046909
2016-08-01,-0.002203428272992908,-0.0030377780664555135,-0.0031353698204781167,-0.003018386213908538,-0.0030459282611424274,-0.002800789421954644,-0.0029859831706719984
2016-08-02,-0.0037438426163059844,-0.004458659405966974,-0.004775885450893419,-0.004487453130048403,-0.004470892867361982,-0.00460639567883273,-0.004459518866213227
2016-08-03,0.0015562928408684269,0.0019982996488475636,0.0021113137095672098,0.0015916198855642834,0.0018334529793132407,0.002280905218720176,0.001878878284743265
2016-08-04,0.0019085720257286483,0.0027708538450663374,0.0024550816315217273,0.0024786830066175084,0.002511666636744776,0.002242731912205862,0.002485794433349827
2016-08-05,-0.0012471967400705661,0.0037755265221859837,0.004307704439230448,0.003948873618900871,0.0038719492430371624,0.004579651949442202,0.0038966490956731737
2016-08-08,0.0005811657090252335,0.0020920081999573504,0.0014621099367401955,0.0013578774592259307,0.0014545841229506944,0.001457117126724078,0.0014357197301680673
2016-08-09,0.0023496515621159774,0.0029262556559435556,0.0025061669206323757,0.0025221391656636365,0.0025544019602010016,0.002285441531097389,0.002545998879779555
2016-08-10,0.0004757440640609413,0.00010966978740159972,-0.0004310919054738133,4.237372453310301e-05,-0.00014878552619975783,-0.000518642584745121,-0.00016627336924296155
2016-08-11,-0.0012405584876583285,0.0023213030808521494,0.0029089111070202327,0.002388190981535052,0.002591905465894076,0.002746138422843946,0.002575787707273464
2016-08-12,0.001857081152083451,0.00018638813980822165,-0.00019023239003449502,6.0298734753491635e-05,-4.438193683136538e-05,-0.00012260653684545832,-3.550493753666029e-05
2016-08-15,-0.0006948223983233464,0.0033803230268881195,0.0031112268334374344,0.0028334258765934837,0.0028999238351844624,0.0032736521501119894,0.0029176254525663937
2016-08-16,-0.0016049100798693284,-0.0024790552583777432,-0.0027541566345291083,-0.0023173404109718895,-0.0024723420629313795,-0.0026163628590850944,-0.0024527529965699306
2016-08-17,0.0017987814833188122,0.0006961767052089625,0.0006533262047311035,0.0009681463446816556,0.0007624441166212245,0.0006534753081563678,0.0007644730494379887
2016-08-18,0.0017614740477742922,0.004525203962750043,0.0040375005722734425,0.00421862412287916,0.004064108931834821,0.004222294953218261,0.0041274186201794415
2016-08-19,-0.002158285605551767,-0.003260616952818252,-0.0028131170973111647,-0.002957287754583505,-0.0028908143654066787,-0.0026966904808387758,-0.002895960840936491
2016-08-22,0.0012794578602348882,-0.001209117327656132,-0.0009164085566148542,-0.00048613269137449966,-0.0007728813003730428,-0.00131527298391604,-0.0008723473350613943
2016-08-23,0.0007199949357842857,0.0009759088253712892,0.001451634843887105,0.0016118176092408316,0.0013837915089251935,0.0010684167993717988,0.0012762480151478433
2016-08-24,-0.0014040599405840128,-0.0027320673105031145,-0.0029121260046706954,-0.0032765386069581147,-0.002880482633837125,-0.0028654193860121135,-0.0028364620900600632
2016-08-25,-0.0009529182937264474,0.0004012259827277483,3.3437038420078085e-05,0.000270613083794566,0.00010196869650660464,0.0003855871907283299,0.0001413797459333637
2016-08-26,-0.0016714093573575567,-0.00365807989201357,-0.003381598063278213,-0.0034640755062621993,-0.0034420883820362206,-0.003352165426230265,-0.0034946793018375945
2016-08-29,0.0033228380968483334,0.00402828444959933,0.0040501090047597044,0.003709766271566128,0.003800435538417231,0.00396040650209009,0.00379754582279449
2016-08-30,-0.0007196497815128658,-0.0009056499327427065,-0.0009234271290533343,-0.0009835941869864519,-0.0009545065066219466,-0.0009066231271082063,-0.0009783629567400455
2016-08-31,-0.000779267498130269,-0.002751739150144138,-0.002591000281356638,-0.0022348685841540763,-0.002430892043791974,-0.0025978975606726767,-0.0024458784646227087
2016-09-01,0.0006894561391090905,0.0019576769011779467,0.0011604682559851547,0.0018333953573936466,0.0012140326052276235,0.001306444972263642,0.001264347188703865
2016-09-02,6.83463785305763e-05,0.003131988524576605,0.004746231235160608,0.003461283617893183,0.004414159926806188,0.0042939567094799755,0.0045279212365051695
2016-09-06,0.0024953728983118434,0.0054439884169690846,0.004902211670448603,0.005164819293768719,0.0052521165649138755,0.005552949508562032,0.005371555266525198
2016-09-07,0.0008072688101528286,0.0008935883052090569,0.0012449426362927934,0.0009195948380747445,0.001022994835890015,0.001089953599986703,0.001070947466924029
2016-09-08,-0.003367049161227582,-0.0019801765418519116,-0.0019192594808211008,-0.0018095053717344942,-0.0018632368560131565,-0.0021400497151555795,-0.0019551710889362164
2016-09-09,-0.008372564294585536,-0.012645226981876017,-0.0162776584297003,-0.013258889696200881,-0.015259016970740408,-0.015455214439980752,-0.015711957199163806
2016-09-12,0.003115834483816509,0.0036067707108528102,0.00565919671570058,0.004132799298961583,0.005068293781401662,0.005027067342230772,0.005238546748126922
2016-09-13,-0.005560679724555475,-0.009265296053017388,-0.011891665390726797,-0.009784371954167871,-0.011112416436886539,-0.011327113354425017,-0.011442155358220782
2016-09-14,0.0010836397460111465,0.0003401205346766321,1.964750304787218e-05,0.00010622877388198886,0.0002807505684272085,0.00045038641844658196,0.00030262374724750066
2016-09-15,0.002567673745818038,0.004369734445499917,0.006400988087470341,0.004771313476276295,0.0060606189336477965,0.006072439066300863,0.006216236586103081
2016-09-16,-0.00033655263832759017,-0.005520164341501566,-0.004352352524177709,-0.0053023513957341645,-0.004269571714876616,-0.004406728910165066,-0.004427842678373687
2016-09-19,-0.00014814941112411731,0.0032525918607431616,0.003437333192555964,0.003244730117455466,0.003299478977259816,0.003285957407517006,0.0033887075690538374
2016-09-20,0.0002554247817492201,0.0005216673277396617,-6.66303626928041e-05,0.0004867241901642538,3.391367554990345e-05,0.00014064837357122533,3.720508584522167e-05
2016-09-21,0.004600480507121672,0.007525840382241446,0.009809772613346575,0.007889696069007204,0.009220801440716398,0.009424045754903819,0.009502482950976714
2016-09-22,0.0031044044482499873,0.005941232159141498,0.0060156407292613606,0.005945584379128222,0.005493417559696641,0.005685135165018803,0.005693221236638917
2016-09-23,-0.0014145168155249588,-0.00276074801031305,-0.004352815234208673,-0.0030707101038800477,-0.003987023525256854,-0.003942144978351366,-0.004108591389594169
2016-09-26,-0.0006491499464343394,-0.0032946010594428555,-0.004748303422784187,-0.0036219961462668152,-0.004455711736935579,-0.0043791895063205,-0.004585567519081471
2016-09-27,0.002140383452562295,0.0021556206390689323,0.002917940911101807,0.0021787741705000534,0.0029083064256007008,0.0030112018465743642,0.003014260489160992
2016-09-28,0.0013169479092213004,0.004097954693074108,0.005131433576845049,0.004433150815108103,0.004746188165995997,0.00469391634590746,0.004846441509520365
2016-09-29,-0.001988135118220944,-0.005178655312141214,-0.006782404273326839,-0.005495991284059259,-0.00638961889279238,-0.0063706384784122435,-0.006575729174006467
2016-09-30,0.0007759417024421157,0.003322244511856271,0.0046484275812203844,0.003661085316927515,0.004243168521718317,0.004193144583681512,0.004367801483480391
2016-10-03,-0.0012905402673910088,-0.000619326101713097,-0.0009603016214191277,-0.0009256089398397435,-0.0009693696686059266,-0.0004897715399374108,-0.0009723350330958303
2016-10-04,-0.0036502031768874295,-0.004088466066214544,-0.004420571453148632,-0.004895894444740139,-0.004208471028603038,-0.0055191098626393,-0.004241662480664246
2016-10-05,-0.0003003004597735429,0.004023054549738497,0.003921165627681477,0.004642018600697284,0.0034215432668162037,0.0056137563024668555,0.003495510995393719
2016-10-06,-2.8368596230718223e-05,-0.00034453803343694925,-0.0006593885191535786,-0.00047407398279623625,-0.0009275870073907739,-0.0010471215117079109,-0.000919529773982956
2016-10-07,-0.0005110988712519809,-0.0014606222663434143,-0.00242365421484845,-0.002520106749188702,-0.002238385925547311,-0.00298982168849214,-0.0022722373475755554
2016-10-10,0.0008637210257136569,0.0028925612646278015,0.0029271065816494062,0.0030744724236849066,0.0022809685447697367,0.003959473692394722,0.002327754267813091
2016-10-11,-0.004044020024669375,-0.007932771472802243,-0.009114928662441218,-0.009728317031499126,-0.008656667599929571,-0.0117797884309663,-0.008775891089444711
2016-10-12,0.00048687651362089616,-4.7314337473190345e-05,-0.0002234790768017373,-0.00029365304594584246,-0.0005603198274753366,-0.0003436097523934898,-0.0005587282700793896
2016-10-13,0.000589146724728962,-0.0015163144547980228,-0.0017964860307592588,-0.0021454308399284096,-0.0014120219361050106,-0.002399652744958446,-0.001465595304316477
2016-10-14,-0.0016438542199026026,-0.0002511256610077478,-0.00047580822966496704,-0.0003508417358271092,-0.0006008679823317252,-0.0002689258754989717,-0.0005740844602425778
2016-10-17,0.0007980294234276988,-0.0011981814902432975,-0.0008866228308984454,-0.0010813519805704806,-0.0007061504590542755,-0.0012738598243174468,-0.0007457170640819218
2016-10-18,0.002378855575624327,0.0047590688199146206,0.005224830253618947,0.005676412785588336,0.005002840910520385,0.007455933033208286,0.005082045750780724
2016-10-19,0.0010624909220905477,0.002499360129123336,0.0026981268208721657,0.002972944809101922,0.0024704872067812847,0.0034178554182907914,0.0025003226448545735
2016-10-20,-0.0005644465677151943,-0.0010240274678911228,-0.0013516865152161928,-0.001595000951919934,-0.0013074123603846405,-0.0013490898709486339,-0.001323137378901988
2016-10-21,0.0006598699771942349,-0.00020745396755519104,-0.00021926639591186836,-0.00039399289646371014,-0.00026096233624969665,-0.00028404297637770674,-0.00028204847726934397
2016-10-24,-0.00025388106985975835,0.0015271475681215702,0.0014579503626694064,0.0017760865116415788,0.0009797221570570216,0.0017773684076520652,0.0010345110297598676
2016-10-25,-0.0007434439547314199,-0.0011528264851475545,-0.0016925299664726713,-0.0018001491919158506,-0.0013745531556596511,-0.0017031458947125728,-0.0014023673712697266
2016-10-26,-0.002390696535798403,-0.002276035873420527,-0.0028236433513237546,-0.002789731563531765,-0.0027566023385225914,-0.0038227333994936595,-0.0027682711300918393
2016-10-27,-0.0030335257696883877,-0.003341963039790271,-0.004374006461437943,-0.004665355301016857,-0.0041378936809723325,-0.0050281966054324095,-0.00413674737186203
2016-10-28,-0.0007431235880521617,-0.0016082041996883494,-0.0013937748150678957,-0.0015686488005061249,-0.0010136090497706303,-0.0020255295268650575,-0.0010467736526908944
2016-10-31,0.0011350146209854052,0.0017142770988910327,0.0020687694734612882,0.0025063693218641096,0.0017385385541385128,0.002549727864647601,0.0017469819392601903
2016-11-01,-0.0018663383251483017,-0.0038282092864280687,-0.0031154612072588463,-0.00370717740139641,-0.003224908840706649,-0.0021102855344818988,-0.003042881087114318
2016-11-02,-0.00047551013420230254,-0.004133528566070529,-0.0042097738632086235,-0.00394873355269546,-0.004304314735673888,-0.003311913547242298,-0.0041059323337574736
2016-11-03,-0.0017092659158484756,-0.001104301827653473,-0.000903786286359717,-0.0009878973806380143,-0.0008236013944946133,-0.0007729006621091364,-0.0008343455838973612
2016-11-04,0.0013177675349929114,-0.001276953888121122,-0.001960008911186768,-0.0010861428877491793,-0.0019027417150422527,-0.0015170282056237616,-0.0018693665428167975
2016-11-07,0.00370749107771947,0.012562753740952635,0.012055581622971158,0.01167302934036518,0.01204098936447167,0.010247670733257217,0.011555676718537092
2016-11-08,-0.0002786477421231941,0.0017261168656263314,0.0015820984651673258,0.001453318806758357,0.0015493431263529775,0.001328371764373966,0.001504176331960353
2016-11-09,-0.005490773032819184,-0.00015718575804775717,-0.000817491561079709,0.0003513845841212487,-0.0002724355924047483,-0.0024900331403597134,-0.0004530159410099831
2016-11-10,-0.004402768193369239,-0.00586507240636485,-0.005364576680494915,-0.0049699681754660305,-0.005137924446878396,-0.006718479541297057,-0.005038213757697983
2016-11-11,-0.0016239684562000616,-0.00169465990764613,-0.002689574752739213,-0.0011403921898345461,-0.00222307854185733,-0.0031881019032877996,-0.0023382843359704103
2016-11-14,-0.0028325263070656526,0.0008664977051104462,5.148097624880295e-05,0.0010779714775061397,0.0003928818395813956,-0.0012050208301109986,0.00014350460852267553
2016-11-15,0.002938781297362138,0.0069333460387389825,0.006547571079622458,0.006363267601135588,0.0064751476041309385,0.006369680082761999,0.006263455091956304
2016-11-16,0.001369761419974844,-0.0015118962206967308,-0.002392886843270315,-0.0014165240459590262,-0.002382814813634383,-0.001939631492819804,-0.002320480475907553
2016-11-17,-0.0020042810643732733,0.0005017392546175861,0.0005853255739672606,0.00044036184275513646,0.0007023524988999121,-0.0002589197952226003,0.0006801554038633967
2016-11-18,-0.0030918217653897124,-0.002142828031897557,-0.002662533425630851,-0.0021820289991882976,-0.0026671477134107566,-0.0028704029081365137,-0.0026550134958257254
2016-11-21,0.002283795513987795,0.0047304065907788784,0.004951927871347057,0.004542873068441402,0.00498739276461611,0.004530927586056595,0.004827273818543145
2016-11-22,0.0014797099143696538,0.0038122682346945574,0.003867847406182559,0.003724766483699963,0.0039936799023975525,0.0036649068755974456,0.0037739123111786383
2016-11-23,-0.002785720186291123,-0.0018321285382877051,-0.002252321587523751,-0.001662558753847122,-0.0021337046240703615,-0.002917887960829424,-0.0021258827933596865
2016-11-25,0.0006903514418087487,0.002114781717035547,0.002146753179966753,0.0019111214350059705,0.002133746965677837,0.0021066188997245737,0.002050627778922432
2016-11-28,0.0017629630445233756,-0.0008875783514602028,-0.0009301299734041252,-0.000984513248158172,-0.0011381363695543104,-0.0003039741170842461,-0.0010517806463821956
2016-11-29,0.0010499959204906793,0.0007087450364861611,0.0013002166601009165,0.0007667052230335666,0.0013486027602801634,0.0014839109103852697,0.0013317207529467338
2016-11-30,-0.0035780281419861178,-0.000863811414329695,-0.0006226204758924006,-0.0007571067419249124,-0.0006459538538011902,-0.0012504459589263532,-0.0006529964863215422
2016-12-01,-0.0034986779906966024,-0.0020793606326784475,-0.0025575932195906373,-0.002451650980886903,-0.002697838575219786,-0.002595691668048606,-0.0026712641170694084
2016-12-02,0.002389392104204646,0.0006826310220936423,0.0013758763911517176,0.001334644971959466,0.001403264922776088,0.0015788204974046798,0.0014872873159426769
2016-12-05,0.0023267904559855033,0.005587567948082412,0.005513533865539268,0.005232721665520116,0.0052860036730178125,0.004882925830406376,0.005124744231349907
2016-12-06,0.0010966356319133497,0.004523394496023272,0.0038930308500629836,0.003770994041910278,0.0035924841476660543,0.002889862105927418,0.003390224949420495
2016-12-07,0.0049731748760399284,0.007415499621065992,0.007982791806207786,0.007038415908997881,0.0077928001307354475,0.0071499194189453925,0.007586822660262352
2016-12-08,-0.000517224222522931,0.0032399469240540807,0.001809416460027961,0.0018967035467107676,0.0015595011122101357,0.0009338597797686094,0.001290361266210545
2016-12-09,-0.0009927637501980296,0.0005259692716880019,-2.558382267130833e-05,-0.0004754143861223083,-0.0002506393912039143,-0.0005305216409892274,-0.00030897652885102594
2016-12-12,-0.0013246554994955678,-0.0022175419981125617,-0.0017046495151735782,-0.0015548790348054384,-0.001627450471388659,-0.0014190806611515472,-0.0014750735927045425
2016-12-13,0.0023993540695210454,0.0029390449637308608,0.003505226959573789,0.0027047886914339583,0.0034272962816539083,0.002987695644673727,0.0033272189855384033
2016-12-14,-0.0063331111895062854,-0.009035886453113415,-0.010123386917859157,-0.00922206005282307,-0.010196642086780764,-0.009558596190805872,-0.009929118135504351
2016-12-15,8.617553327798164e-05,0.001591430169338941,0.0006034866281021283,0.00040135487160174855,0.00041863767685687016,-3.518815854787122e-05,0.00022691024887222554
2016-12-16,0.00011984801685237343,-0.0003251652218325575,-0.000259434612949119,-4.2410630978698e-05,-0.00034991980306158215,-0.00035469145176998077,-0.00029451116672574363
2016-12-19,0.0026631529811567472,0.001973018242683181,0.0014294750917787744,0.001806051805215841,0.0011397821109508806,0.0006833950031343952,0.0010789769494852284
2016-12-20,0.0003351679140259576,0.0031538462260285987,0.0024637301259976202,0.002546205713961776,0.002303408130902621,0.001924876535573967,0.002166685435199713
2016-12-21,0.0009334756963084691,-0.001085035127477523,-0.0005760549059217331,-0.0004169307952623214,-0.0005462271424751422,-0.0004915171726682252,-0.0004592637405005619
2016-12-22,-0.0006331204195636588,-0.0022003551417100102,-0.0017614395592022614,-0.0015699974968255794,-0.001703786081061316,-0.0014505630348540751,-0.0015503678611739017
2016-12-23,0.0005878342565098341,0.0016709409821301971,0.0017467610024378718,0.0016865190968178053,0.0017666868240882308,0.0017321513985051615,0.0017256739420879416
2016-12-27,4.236770327121337e-05,0.0012643261755750227,0.001148465021946603,0.0011284333852387785,0.001239252816964612,0.0013702704300121331,0.001210893451046054
2016-12-28,-0.0008232129559534143,-0.0035591493098419487,-0.002987665191865601,-0.0027316288138158136,-0.0026148681062503074,-0.0023779648061786683,-0.0025362019000019598
2016-12-29,0.0023432320729690525,0.001778577697289227,0.0028588086610518413,0.0025812888806381502,0.0031730020549408607,0.0034903153946617507,0.003191083619533634
2016-12-30,0.0006402896047275504,-0.00138933819768195,-0.0006279182118678308,-0.000683846084004836,-0.0005834364219960228,-0.00035846139343602694,-0.00047115215321891636
2017-01-03,0.002627353693896035,0.0010867476041501927,0.002318339801974743,0.0007643519758428153,0.0030301919295780983,0.0027984551936809077,0.0029346552539141505
2017-01-04,0.0020884338722215456,0.005761056425646898,0.006145131651923613,0.005225579017716188,0.006280536789010603,0.008149548314003111,0.006305621019663755
2017-01-05,0.0025540013388373815,0.004566359845615207,0.004214324289948173,0.006190925623193961,0.002936958770986824,0.0041897208855022,0.0029281026245522425
2017-01-06,-0.0017892557627471153,-0.003225722690266194,-0.00242343476874994,-0.0028787260929729274,-0.0017930983512686092,-0.002625781771362889,-0.0018451224962714222
2017-01-09,0.00013985300380000448,-0.0014162286296864489,-0.0016793715364261056,-0.0007907827573649831,-0.002288466032155082,-0.0027753305469234778,-0.0022606053582651157
2017-01-10,1.5018548807023803e-05,0.00200481058388446,0.0015966144755259547,0.0010321097527760306,0.0015170836469236013,0.0019958433400750967,0.0015631198118787257
2017-01-11,0.0017114823990545549,0.00364302823542571,0.0035288693215919805,0.0032311756950308148,0.0032974121291343608,0.004201175542297194,0.003289517456689277
2017-01-12,-0.0004383068772280318,0.0007033772598911102,0.0004176906457284444,0.0016048425188848305,-0.0002493964756470657,-5.578792771121637e-05,-0.00025047455925944614
2017-01-13,-0.0007325705270196958,0.0005749973033678301,0.0008507180628787107,0.0003578174805052638,0.0010739671936301717,0.0015610662717670367,0.00110200035409271
2017-01-17,0.0014389624710525232,0.0008708799405026974,0.0002999024470151679,0.0019539529910451285,-0.00044531331911147083,-0.00024765825169148666,-0.0004391012066842467
2017-01-18,-0.0027050640498756952,-0.003758654504635873,-0.00329197838076665,-0.0047795578430715364,-0.002500538216624028,-0.0035635278925820056,-0.0024998972816981636
2017-01-19,-0.0029218990766790923,-0.0021530533380440934,-0.0022727066063025175,-0.0016172210195342367,-0.002510192358794395,-0.003009519195460281,-0.00250832608542629
2017-01-20,0.0011794522296798655,0.0032602297160550502,0.0030460412373928937,0.002934518945795944,0.0029612300331726387,0.0040719486257394955,0.002963640923182656
2017-01-23,0.0013489185203841582,0.0035759332676058497,0.002960812465383366,0.004298891494639757,0.0018761238684257598,0.002524350585465837,0.0018928399272751142
2017-01-24,0.000766486431811154,0.002608571067890142,0.0027516158855400066,0.0008812679738782092,0.0032419596634513546,0.0038882608663816606,0.003249971874292321
2017-01-25,0.00010947252679612365,0.004005843116626769,0.004225567990014728,0.0031467932584372006,0.004358890203298472,0.005695164591091141,0.004345035665614373
2017-01-26,0.00016910818482338816,-0.0023749364876349535,-0.0020741644027408015,-0.002351645208041279,-0.0017076445680282402,-0.0025754883440653473,-0.001737437346307572
2017-01-27,0.00013447442402626472,-0.00013450568134162384,-0.00021721207468178207,0.0006642769408537723,-0.0006233455873967235,-0.0007676144969927213,-0.0006301583901020319
2017-01-30,-0.001995031125545596,-0.0034207391312724017,-0.0037358576810203542,-0.0026419740347593213,-0.004023760834268491,-0.005118180849771391,-0.004039833227982771
2017-01-31,0.002042360599943716,0.003353467891280996,0.0029587805714905878,0.0033662625738229536,0.00265279389980313,0.003808310450287405,0.002687254680920132
2017-02-01,-0.0010430159721707502,-0.00038568403125538735,-0.00015788882013719057,-0.0004416852231520264,-9.017533770035279e-05,-0.00010667381435634806,-6.373220851643e-05
2017-02-02,0.0006457072847798645,0.0008606551926765615,0.0009133101704513309,0.0007285214121726283,0.0009400801899027697,0.00101849789315744,0.0009488403670223043
2017-02-03,0.0022048363504278672,0.007042674579328476,0.004585813289887986,0.006875960509241823,0.004862634796051295,0.00501048228797937,0.004832749031455844
2017-02-06,0.0015138432099465193,-0.0021554752606247644,-0.0016693708223095645,-0.0023568828908958387,-0.0016946909484509773,-0.0017288633886533404,-0.0016788498771567219
2017-02-07,0.0006900381967486244,-0.0020224022652387654,-0.0016404513038452426,-0.0020993310997648243,-0.0014859259790214914,-0.0015829948210173959,-0.001479305680374575
2017-02-08,0.0024527316399600794,0.002209956191683067,0.001612081703406738,0.0017351962521071544,0.001782152768636424,0.0019777067355596914,0.0018189817172375227
2017-02-09,-0.00015718151590027947,0.005007928881079979,0.00251699326273716,0.0050464634771674975,0.0027894113022820257,0.002827117716564057,0.0028003247484661934
2017-02-10,0.0009336856036698919,0.004748171761988356,0.0029077385195395143,0.004523680523249224,0.0031031406435400415,0.003262000350081485,0.003133384858116768
2017-02-13,0.0001824484066449948,0.003039399610582422,0.0013528159864411467,0.00284426793389643,0.001698948625505859,0.0015995804422218511,0.0017020283376796607
2017-02-14,-0.0007436695998729684,0.0024179011053634754,0.00023356688567413065,0.0021703743644408673,0.0005530147212964034,0.00028142014590360457,0.0005490324172002987
2017-02-15,0.00019001743570375455,0.003727378882289946,0.002444282875530725,0.0038129470362887148,0.002569511008907964,0.0026162390750031146,0.002588695762282616
2017-02-16,0.001320175240822467,-0.0008479821484140347,0.0008623521424755463,-0.00036418476905970224,0.0005079128070302398,0.000657433858194277,0.0004555074139008927
2017-02-17,0.001991764854829273,-0.00028019238301225555,-0.0011861717586228997,-0.0007343692760602965,-0.0008143126934325864,-0.001079655731093256,-0.0008090914772188607
2017-02-21,0.001427597510142586,0.0058018346459058545,0.00348377245620404,0.005607406750418866,0.0037450656441789473,0.003860441555264585,0.003755182286288115
2017-02-22,0.00018402226386662418,-0.0005433618716861289,0.00012366637667598248,-0.0005731481469804058,-7.640922081288658e-06,5.8321440073303806e-05,7.0382096517146995e-06
2017-02-23,0.0011014771420173905,-0.0005670824177978998,0.0006325658837127481,-0.0005238058839392987,0.00047059492841924845,0.0004507898960622865,0.00042946525814866366
2017-02-24,0.0031389395745344325,-0.0015414831112589276,-0.0011149112318254981,-0.0014320592640552257,-0.0010524254023662328,-0.0011437012234345194,-0.001102114676164459
2017-02-27,-0.000853155030421462,0.0007067990106170099,0.0002317275281756842,0.001129496360548112,0.00022202388655630332,0.00029734243009137877,0.0001915440318100602
2017-02-28,-0.0011055337594724234,-0.004655814650863602,-0.0026015710533427794,-0.004433763072594964,-0.002829590006594635,-0.0031771520417319342,-0.0029046027644896175
2017-03-01,-0.00012606055828491558,0.005359641317636262,0.006726551282636696,0.005368306854946092,0.005763294344679317,0.005864525387686632,0.005852955770190811
2017-03-02,-0.0030420390372281167,-0.0058029562954648745,-0.006660425392423952,-0.00580704898927683,-0.006595258978715442,-0.007077793747744344,-0.006727527460334536
2017-03-03,0.000872978596241357,0.0021093036646361195,0.0025458443671921263,0.002118729454996447,0.0028624747591774052,0.0031072286406823493,0.0028564974672076688
2017-03-06,-0.001299767473963176,-0.0029407416856376996,-0.0024353110435502917,-0.002934379025892735,-0.002262249572279264,-0.0022745944752975,-0.0023892646613142264
2017-03-07,-0.001741343725677727,-0.0022230151322939792,-0.001971670250374542,-0.002195048172179739,-0.0017300831894396453,-0.0016001697655764618,-0.0018184098299175579
2017-03-08,-0.0026622943064318855,-0.0038734753715443885,-0.0044622863138955166,-0.0038553695650485192,-0.004513093536891388,-0.004542192790722686,-0.004560839654467897
2017-03-09,-0.002294664900296862,-0.000993008849795875,-0.001691714362174659,-0.0009256404534241402,-0.0016758750945755972,-0.0016893450443046343,-0.0016594335176129244
2017-03-10,0.002090286502997514,0.003807060999185776,0.004026980119230377,0.0038060361467102148,0.004171784734699077,0.004414385725320512,0.004244899768873511
2017-03-13,-0.0010868667868966881,0.00015176089158717223,0.0016114024342428245,0.0002416198276694466,0.0015400333387113742,0.001663573819597617,0.0014741415938767954
2017-03-14,-0.0006948604045025277,-0.003164692072272539,-0.0033221938117264393,-0.003178660903227309,-0.003357475819102684,-0.0034734490044890523,-0.0034168340814980337
2017-03-15,0.006807729977210894,0.009510472914656547,0.010619812135341557,0.009381979274937814,0.01063790807609609,0.010925386379768498,0.010758089640063532
2017-03-16,-0.001195053300610217,-7.946943515084606e-05,0.0006151299637249457,4.212143151848967e-05,0.0007972137815065183,0.000996464170730458,0.0007850305823133751
2017-03-17,0.001533694161226538,0.00025883873442571946,0.00047272472889590164,0.00027889300696049045,0.0005683416365535679,0.0002662121726298766,0.0005468844893155787
2017-03-20,0.000564389443129439,-0.0010517258566956965,-0.0001725609062101806,-0.0011469984057101141,-5.435779562914009e-06,0.00018953098034875414,-0.00014176074449104222
2017-03-21,-0.001923923316976762,-0.005971320015023651,-0.006966091975031969,-0.006009366437486369,-0.00596254161902437,-0.006020673115277169,-0.006136430650661276
2017-03-22,0.0013592436691688128,0.0006158177250012987,0.000952816207056787,0.0005458561561150486,0.0009103331653808504,0.001010203356780434,0.0008816657538576083
2017-03-23,0.0001641092699682039,0.0003844302938326665,0.0007976966072162452,0.0004217003182973268,0.000674259706504963,0.00034056420938080443,0.0006616240604151777
2017-03-24,-0.0005352154936180479,-1.2190988586287691e-05,0.00034148172389679297,8.719352320906955e-06,0.0004265242128100009,0.00041346142306729426,0.0003829662628288549
2017-03-27,0.0014582797521674347,0.0007455088528503412,0.00016818168805578742,0.0007407919648520923,0.00046315408056728604,0.0005468972307088056,0.00051704596681578
2017-03-28,2.121528689917173e-05,0.002522547343628066,0.002870232316702546,0.002522418572311961,0.0022521486721064185,0.0020790691188008227,0.002310295650488968
2017-03-29,0.002148883801834798,0.0014226523354218664,0.0016043549387177308,0.0013964934728003578,0.0015133952145902447,0.0013749429398788287,0.0015311865611813663
2017-03-30,-0.000485041761545555,0.0003214338706878244,4.776627417257091e-05,0.00035500568266660665,-0.0004642258177202475,-0.0007004880786409594,-0.0003889483923251602
2017-03-31,7.474122237435821e-05,-0.0004534406244590013,-0.0009877731637923243,-0.0003170639658606004,-0.0007505481055338854,-0.0008500497483954462,-0.0006808459288623796
2017-04-03,0.002145092075829617,-0.00022700529532295772,-0.00020318127909934908,-0.0006054165727556417,-0.0002332293567197045,-0.00021441743693364926,-0.0003180203222168699
2017-04-04,-0.0006053250022174674,6.539456959608859e-05,0.00024265820899209818,0.00014282618162445764,0.00019821278902391854,2.9860363650695374e-05,0.00020796097483649623
2017-04-05,-6.991282995709718e-05,-0.0018611527514931876,-0.0019261986030667429,-0.0023441138242699918,-0.0019775267977276017,-0.0017891336916888683,-0.0020409405634068335
2017-04-06,0.0006930895012868748,0.0013143326406502447,0.0010719499221982856,0.0015517155875442038,0.001108545627800999,0.0010293173324108147,0.0011549586577425247
2017-04-07,-0.00178534497146414,-0.0014079334791227947,-0.0015589287759232072,-0.0013178774881597679,-0.0015047778184824451,-0.0015929961217733227,-0.0015357347994356698
2017-04-10,0.0012262731138768979,0.0005616342255872732,0.0007431932292231917,0.0005581902052717426,0.0007196852969478269,0.0009360200857720517,0.0007762182420430082
2017-04-11,0.0020220748239321708,0.002174420015339119,0.0017612589241545278,0.0021509297347538595,0.001807927414830771,0.0016920759656136888,0.0018396893020880562
2017-04-12,0.00041831605273714924,-0.0010455276492100526,-0.0007365955495350256,-0.0014652780938635456,-0.0008107432560584321,-0.0006090306395408625,-0.0008898107917398813
2017-04-13,-0.0007845354931317902,-0.004218863243319738,-0.00449879779500805,-0.004580980707556371,-0.004452352571520204,-0.003871771262270846,-0.004546277430269371
2017-04-17,0.0018187566150262735,0.0045063030504251065,0.004787244902478564,0.004892135227967152,0.004821377047909586,0.00406637880771675,0.004915748183798216
2017-04-18,0.002415904337284011,-0.0009752821849003143,-0.0008440771748619069,-0.0013850392509368052,-0.0009215884324108516,-0.000315280108307953,-0.0008666060846132338
2017-04-19,-0.0014230038959822798,-0.0020483704172273814,-0.0021532312422987386,-0.0019692062758827436,-0.0021401917756326905,-0.0018862387731354395,-0.0021255534473302983
2017-04-20,0.0009532802680350622,0.004315473461778643,0.004311753735069214,0.004714451394459079,0.00438253973712793,0.003590885784464584,0.004446827845873969
2017-04-21,-0.0005033508465440849,-0.0005885965225055139,-0.0009003661830957095,-0.0007862508815149939,-0.0008406343802424636,-0.0008983667697438605,-0.0008599559143495216
2017-04-24,0.0016900343892330722,0.007099184381930538,0.007479063990350122,0.007742889218694539,0.007661958916515457,0.0068043247807703525,0.007789386059400984
2017-04-25,-0.0009129862790657557,0.002786085935305417,0.00315751174695991,0.0032050985781015917,0.0031486999052879826,0.0025252175773043833,0.0032207174615857537
2017-04-26,0.0009730162317129137,-8.231648323170192e-05,-0.0002411953005497872,-0.0001661924864314703,-0.000276789053250997,-0.00015605948752100927,-0.0002532912370791263
2017-04-27,0.0009835645872148257,-0.0003074924966543087,-0.00020334619091752677,-0.000417756413991929,-0.00012414571787303124,3.7017784761494315e-05,-0.00010276861661810265
2017-04-28,0.0005400776216017295,-0.0010690969324817735,-0.0008557335252959054,-0.0014890629067637498,-0.0008744474760334347,-0.0008642613142221727,-0.0009355680894894998
2017-05-01,-0.001288818466244864,0.0008281434024270972,0.0006478654211882271,0.000533400022574576,0.0007482737967358577,0.0005480522076321091,0.0007497481601430713
2017-05-02,0.001159304544831561,0.000879723132355654,0.0013446262377286597,0.0010219382076598182,0.0014381482278112757,0.0015338978252766907,0.0014874656199024782
2017-05-03,-0.001359080226384197,-0.002126258459722922,-0.002260654763510544,-0.0020079075053739946,-0.002303029690271078,-0.0021441870380278284,-0.002299203603931366
2017-05-04,-0.0006375727738547438,-0.0012466333215464362,-0.00107433644791708,-0.0008941912589699471,-0.0008479585088420698,-0.0008276003141967089,-0.0007696987300757603
2017-05-05,0.0013606063839612767,0.004111065671593249,0.0034892533820036543,0.0036052875293686045,0.003700529780203029,0.0033374922392573588,0.003725488210973535
2017-05-08,-0.0018770933224152232,-0.002503667447870849,-0.0029599007797024074,-0.002384831618897865,-0.0030079619885974344,-0.002808394594859023,-0.003023158596000201
2017-05-09,-5.7958653932413586e-05,-0.0005476638533913947,-0.00010462267644327115,-0.000298022426926832,-0.00018700962898089398,-0.00029921057339794203,-0.0002429434532651348
2017-05-10,0.0008578419088641683,0.0025134152027351743,0.002296896814898388,0.0020999031288524385,0.0023011301607557457,0.0021116170888762454,0.002283705686282086
2017-05-11,-0.0006763281679723218,-0.0012961132302693151,-0.0009643886235284405,-0.0011063054026392897,-0.0010690053540263684,-0.000716687428259996,-0.001047133307081532
2017-05-12,0.0023407962838578426,-0.00025774377131906553,0.0008641237201332504,0.0003738034236596236,0.0009020005504474962,0.0010972408564518504,0.0009403750210924197
2017-05-15,0.0010494576881430445,0.0039443912001527305,0.0036638975904888797,0.0034100823073024604,0.003734075547722011,0.0033407893608158948,0.003740954772219883
2017-05-16,0.0007925180932214946,-0.00010801155253131946,0.0004479937445177192,0.00022173563527929147,0.0005525326909328448,0.0005811295776004285,0.0005860681026565904
2017-05-17,-0.0005992283674144511,-0.009597116981865666,-0.006441880107072934,-0.007617552369745413,-0.006781572132666988,-0.005912424500236126,-0.006778128040267329
2017-05-18,6.373996274295875e-05,-0.001341322257303091,-0.0021411113639611544,-0.0011174538872635428,-0.0019526787621794992,-0.0017232157126480891,-0.0018847355063429487
2017-05-19,0.0018837959121441592,0.006573211137474536,0.0061787738968381994,0.0057344822627865034,0.006305776229040285,0.005811195244266534,0.006328318994583156
2017-05-22,0.0007807166922455314,0.002253322620314132,0.0016211017452706137,0.0018687213764841896,0.0017301429841035296,0.0015609626234825095,0.0017484844650998248
2017-05-23,-0.0009361897200472662,0.000825503858548702,0.00011527172730878095,0.00037563172107680305,0.00011251354854069783,8.647856074403024e-05,0.00011209941393715842
2017-05-24,0.002121068357152908,0.002107247504285719,0.002236655387671251,0.0019975644238739185,0.002270267770852134,0.0023322056535475086,0.0023059940208232637
2017-05-25,0.001285280661383596,0.0011190569383327574,0.0007256179012764641,0.0011099067277043145,0.0007300556037355535,0.0006718339019699595,0.0007127115941588157
2017-05-26,-0.00021467425773477597,-0.00010902603565922467,-0.0003115658051301611,-0.00019358486383184336,-0.0003844406914492469,-0.0002271960657580927,-0.0003934324577470192
2017-05-30,0.001014062403398816,-0.0011243989748547663,-0.0004080406737734444,-0.0006779099977242498,-0.0004887370799630201,-0.0002447743411376065,-0.00046592272409567406
2017-05-31,0.0006736352568520556,-0.000661666556629575,-0.0004915115526646003,-0.000432879337500398,-0.0003952826791797588,-0.0002002731825434143,-0.00034363230663752507
2017-06-01,0.0019095719897050448,0.004473724607564046,0.005279379628595135,0.004482361434688981,0.005339915771892371,0.0049193467809692465,0.005183452983032914
2017-06-02,0.003385758790212471,0.003122532994016564,0.0029311759441745487,0.0027865689454364836,0.0030933580924394286,0.0033234551671766682,0.0031586770277057634
2017-06-05,-0.0014925994625026439,-0.00192297491238388,-0.001859367486854596,-0.001695029467526285,-0.001910345540037964,-0.0021838019218633612,-0.001930342258314561
2017-06-06,0.0009470875337447264,0.0003656111823362488,-0.0003295806059680143,0.0002362309245642126,-0.0004011263685022067,-0.00030924787379350155,-0.00032336455447903184
2017-06-07,-0.0006320477131307833,-0.0007945802143772741,-0.00040876259718106443,-0.0006231871635612135,-0.0003956397951519428,-0.0004575766147217874,-0.0004188946633503245
2017-06-08,-0.00038035696870665806,0.001112188465943039,0.0011021586930100927,0.0010357384041709012,0.0010598465910134245,0.0008760303423371431,0.0009921631966864496
2017-06-09,-0.0008765118424576366,-0.001203597021441553,0.00026638200292484213,-0.0006164787706866384,0.0001793804286368938,0.0005905346273399144,8.633561721227686e-05
2017-06-12,-4.1180113723367036e-05,-0.0013083759583865026,-0.0005145808060148221,-0.0008973773693432567,-0.0005456230991569588,-0.00033106740154274284,-0.0005642731833008703
2017-06-13,0.0014220010212022838,0.0021869312727118553,0.002729337458247545,0.00214961318021027,0.002889949463998279,0.0026218708940105428,0.002807666711683412
2017-06-14,0.0020699074158053777,-0.00037055818114981455,-0.0004314858610621825,-0.00022087263292598131,-0.0004427542463717742,-0.00014098468182098306,-0.00034316138746672497
2017-06-15,-0.00112438597451013,-0.005197218363485391,-0.004240636952575015,-0.00450278512812024,-0.004263317152825133,-0.0039509564152708605,-0.004260320839924893
2017-06-16,0.00030744376443604833,0.002043769608207895,0.0014077580738031024,0.001548176869475012,0.0014859208373606777,0.00141738161617959,0.0015006679289904978
2017-06-19,0.0008643372045536496,0.0015033690201992351,0.002246661775898568,0.001698328359090067,0.002334803422836019,0.0016871581311574619,0.0021992544142586555
2017-06-20,-0.0006820536468691647,-0.005069182647984791,-0.005121344894472077,-0.004821532984828986,-0.00518111635587487,-0.004392975380633258,-0.005052232873421469
2017-06-21,-0.0002345720938130597,0.0002172009185082321,-0.001011004542052408,-0.00018581552411126408,-0.0010493694070353656,-0.0013671474827659609,-0.0009960455903952458
2017-06-22,0.0005209130808905688,0.0014880024391437418,0.0010845889643728637,0.0012916657974299623,0.0010986780975097605,0.0008693784286573261,0.0010875662891272708
2017-06-23,0.0008606848111772123,0.0028739565441323655,0.0022918339231488595,0.002505225580296974,0.0022768810471431905,0.002238886304662901,0.00230781326323401
2017-06-26,0.0009064196773402939,0.0036521969500167926,0.002804937297974574,0.003362294460748908,0.0027033804618991466,0.0019950488678328548,0.002640080279684958
2017-06-27,-0.004315416942939247,-0.0031945961639523236,-0.00339843304736941,-0.0034211292922701753,-0.0034193874360796944,-0.0027539626718774777,-0.0033552240288383735
2017-06-28,0.002509460015448125,0.004924425061856936,0.005145237288750217,0.004596774600671958,0.005230134303597107,0.005069989108495022,0.0051562178337871195
2017-06-29,-0.003451864271984067,-0.003852199781428482,-0.0041868123366195775,-0.00381684746136505,-0.004363847906119151,-0.0036625191794651766,-0.004260474152046998
2017-06-30,-0.0006583691885892675,0.0011998972398931979,0.0008900512522411599,0.0011133805166722173,0.0008791975624399751,0.00010390178727462729,0.0007879447798712547
2017-07-03,-0.0008181059356001651,0.0011378965475679493,0.0020824787470708796,0.001185704005343876,0.0018109327766769213,0.0017825238234239543,0.00174261019573455
2017-07-05,0.0006458194029150759,-0.0006990258899136248,-0.0014637806364401287,-0.0006965350004758022,-0.0013307697523032922,-0.0012986972313886102,-0.0013146561836052061
2017-07-06,-0.003932412458779622,-0.005257801274878314,-0.0054560590737862845,-0.005391454479579871,-0.005418787337345061,-0.004388639751040282,-0.005389521151395427
2017-07-07,0.0014218768588971022,0.002464601433303128,0.0022397338467804065,0.002501762624663518,0.0022654433313891464,0.0018536570001972826,0.0022576918086996524
2017-07-10,0.0006383366139294934,0.0012396072039209988,0.0009620827939588906,0.0012921373224455308,0.0010114032423145336,0.0006847207745192795,0.0011108366840453044
2017-07-11,0.0006408515951311797,0.0015134021121051017,0.0016278983683616552,0.001578293885354002,0.0016056008953729013,0.0014447103009191298,0.0017076588810434514
2017-07-12,0.004099927856100399,0.0056545658900418825,0.005763978365135139,0.005870514674606511,0.005722820028253612,0.004643493444015016,0.005820942372664919
2017-07-13,-0.00041546316480139175,0.0011437992303516067,0.001149419382327073,0.0011937349277407958,0.0011684469116177377,0.0009045392825066882,0.0011813611582767551
2017-07-14,0.0018806251566956334,0.004062488227439197,0.003622823064280214,0.0041440599485176866,0.0037070964029030772,0.0031578231716791875,0.0038755384574448086
2017-07-17,0.0003442175734086934,-0.0003986903033314339,-0.00020743524668360582,-0.00046181862560366947,-0.00020639517921973135,-7.5727564340476e-05,-0.00026462517892605084
2017-07-18,0.0019052996001238972,0.00181306044852284,0.0013682125720674062,0.0017396197390655537,0.001477957747212312,0.0015700251060787101,0.0016534344140171284
2017-07-19,0.001622038984160739,0.002914120666230405,0.003283721618648477,0.0030896648699595165,0.003198566193867267,0.002436634867293871,0.003135961440860348
2017-07-20,0.00036152123667548407,0.0014749029382485773,0.001088527779018935,0.0014063470215025145,0.0012142274726089197,0.001235273948819462,0.0013156541664019299
2017-07-21,0.0010115453303895104,-0.00011529341449739177,-0.00021477792535653815,-0.00022124360301084618,-0.0002052062353715532,8.679548734937347e-05,-0.00013792680575374426
2017-07-24,-0.0007036577652533444,-0.00043115402122027434,-0.0003591573562128837,-0.000383450722778462,-0.00043941700085968314,-0.00034605102955757774,-0.00041191464735329536
2017-07-25,-0.0018848396341137096,0.0006531975668591657,0.0010410460361213452,0.0006799243465173229,0.0009845690649638002,0.0008024755665842048,0.0008849390305859581
2017-07-26,0.0013895720686529227,0.0024216069194033765,0.0018899225302034727,0.0024367060154785987,0.0020577159726896193,0.0017853699567466257,0.0022672135612464223
2017-07-27,-0.0015244806422497724,-0.0018683898981438829,-0.0016630052976651355,-0.0019193115296487163,-0.0017115805929035516,-0.0014448021941987285,-0.0017995299925526623
2017-07-28,0.001070358503779656,0.0005943920193053374,0.00048809970201900107,0.0005865825848311162,0.0004696162795748192,0.0006331558670671316,0.000587488476449651
2017-07-31,-0.0004427675480868678,0.0010274371900392603,0.0009447543288275443,0.0010085730481985728,0.0009688074046123869,0.0009117556356568361,0.0010389315415262677
2017-08-01,0.0025186679289165436,0.0019045815782606115,0.002139943544884027,0.0021691137201951954,0.0021269110844786762,0.0022869775373288246,0.0021010292044295045
2017-08-02,-0.0007037061851710132,0.0008805146132673906,-0.0005553562649564637,-0.0003843422446105539,-0.00020536778625313112,-0.0004249326808901558,-0.00019430193710661496
2017-08-03,0.0010294168891140632,-0.0004655203779843575,-0.0006695404929652184,-0.0011156413676749876,-0.00047377219439309436,-0.0007590654233640699,-0.000473400912334848
2017-08-04,-0.0007582536194111654,-0.0009030383552398536,0.0005211543441102722,0.00018517899614198193,4.0501342451374736e-05,0.00019974908237285906,5.076019500417769e-05
2017-08-07,0.00047332496173084086,0.0020184359192499087,0.0011323074479001004,0.0014616435543131944,0.00131500749867099,0.001354291622497165,0.0013136304147797308
2017-08-08,-0.00139618579746216,-0.0016381452687109503,-0.0019649301578256607,-0.0022559892250061993,-0.0019770868463812622,-0.002313347110524071,-0.001959658109550742
2017-08-09,0.0004074288428512575,-0.0008144714951610338,-0.0015884133920732008,-0.0019103797838161615,-0.0013447993500989013,-0.0015840449599137793,-0.0013297670574288004
2017-08-10,-0.002953142273168602,-0.008188007247464522,-0.008554087631593224,-0.009939481565518254,-0.008217914674361223,-0.009466523291204038,-0.008186508959114054
2017-08-11,0.001102351348426883,0.0016586137675884643,0.0007553883805057598,0.001211317199510336,0.001029971598562032,0.001150282778248437,0.0010223708918690945
2017-08-14,0.0022120437628201824,0.0030382501438790143,0.004798660312077676,0.005146454605767823,0.004206409517534159,0.005058286490732885,0.004197684783795226
2017-08-15,-0.0012724371236672938,-0.0019909276771712483,-0.001630028085555092,-0.0024299216763214514,-0.0017403408396293443,-0.0020884946630926513,-0.0017071742822483706
2017-08-16,0.0017886532170981932,0.0031372947157669844,0.0024639488101853065,0.002753574683547934,0.002601393371636638,0.002643666001703707,0.0025757910467080463
2017-08-17,-0.0027966121120797066,-0.007280633654251426,-0.008091495427959885,-0.009821090869792395,-0.007573696380412992,-0.009177513795929836,-0.007541916729291692
2017-08-18,-0.0007741769383089675,0.002558650907858651,0.0008135623742069829,0.0016099144564809174,0.0013388902103375312,0.001277027615213372,0.0013224495801232698
2017-08-21,0.0009089930771316002,0.001187332875503812,0.0007405744004804299,0.0009600605497437199,0.0008380097618011356,0.0009116174746896621,0.0008327510593937827
2017-08-22,0.0017691200297009835,0.003316699741945853,0.0041648027423942715,0.004795508215471724,0.003742732854349204,0.0045767960999052735,0.0037373859981108142
2017-08-23,0.0009971655027481764,0.0016533851969392373,0.000541262483747907,0.0007264724960123143,0.0008705692232668226,0.0005967869404923982,0.0008470623544157973
2017-08-24,-0.0012648595648506143,-0.0003147465491600243,-0.00043315855255423544,-0.0002742907533367162,-0.0003598496739967371,-0.0004483395717021647,-0.00035827238625300004
2017-08-25,0.0011992310538365331,0.0046089010172464424,0.0035007532046064304,0.004791755346341768,0.0037945208612444247,0.004244152636847324,0.003753090521821317
2017-08-28,0.00030205440037623873,0.0008797063225803924,2.9314092944259125e-05,0.0005583988676181217,0.0002676513082075836,0.00040402395395681176,0.0002564208072378818
2017-08-29,0.0011682983057253631,-0.0009072587797315144,-0.0006346353161443513,-0.001078475354450627,-0.0007161241495791808,-0.0008383163732284594,-0.0007075748446214128
2017-08-30,0.001251691532538001,0.0006216751580069719,0.0017086101806606802,0.0015482017941695443,0.0013654273395987814,0.0017079311732856855,0.0013773158404180525
2017-08-31,0.0027593590278407183,0.0021201331148643274,0.003773652529751468,0.003590416536948067,0.00344318592036617,0.004031574362375862,0.003429655489942819
2017-09-01,-0.0011591638643606338,0.0014158176649297816,0.0015074036774549884,0.002175372179809968,0.0015520431864550922,0.0015978139333530873,0.0014904714895789767
2017-09-05,0.0013653906919817301,-0.0031503777466857924,-0.0029264716293701913,-0.0044189393179053914,-0.003197483386910047,-0.0029947234313640234,-0.0030195383838655197
2017-09-06,-0.00025107643625440254,0.001559009984939378,0.0019718456079887894,0.002053575774068225,0.0020496566999343765,0.002189232221833641,0.002010657579372189
2017-09-07,0.0018588576441833312,0.0008422201103389138,0.002077426818682218,0.00048241635203207883,0.001998408660026518,0.0022606544767489307,0.0020614268928675307
2017-09-08,-0.0009551362304942032,0.0006296934158500922,-7.320264813486237e-05,6.675749819819553e-05,-2.0433974287722723e-05,-0.000323638879723715,-0.00010289219754801418
2017-09-11,0.00040611290578129906,0.0039207992058419355,0.0038855318162914487,0.005681845431004699,0.004183563683899322,0.004281937314049233,0.004049528092764136
2017-09-12,-0.00028097692450370076,0.0019398827419226878,0.0012973059896360978,0.0021935202923843277,0.001436716097880888,0.0011471828153656802,0.0013387555282227393
2017-09-13,-0.0006116299416662254,-0.0004807470321918461,-0.0014646180976501944,-0.0006533456341789013,-0.0013618956468179073,-0.001685368882858159,-0.0014167271249076459
2017-09-14,0.000358194540246147,0.000510808621162998,0.0006513607144984519,0.00036654660704565803,0.0006471504403709759,0.0007346353211598597,0.0006555984001122105
2017-09-15,0.00036923971717162904,0.0011440669834571456,0.001972149687758726,0.0019457226200829548,0.001882247485088614,0.0022779220975548847,0.0018917194950383294
2017-09-18,0.00011635911333236141,0.0013675528717010028,0.0009061054046280749,0.0015174017037244006,0.0009930640432463467,0.0008109337978289021,0.0009384312294227956
2017-09-19,-0.0003654534417402985,0.0004723938441172767,0.0008409322761585278,0.00027434551928737737,0.0008195791791390247,0.0009416011729375129,0.0008384966191297391
2017-09-20,-0.0005658827872043763,-0.0007058265854827161,-0.0019307952347899556,-0.0004463819203488239,-0.0017190691190768197,-0.002307570542794067,-0.0017837193922948294
2017-09-21,-0.0006113708444172502,-0.0005055148934693878,-3.878629193039161e-06,-0.000672616925173336,-0.000150387711923999,0.00016396498592773312,-0.00011708846488373096
2017-09-22,0.0007999740066798317,0.001468867567579352,0.0009140217599498005,0.0009246398631515484,0.0010046266337773188,0.0006409538879637659,0.0009242180564382076
2017-09-25,0.0012766273235772048,0.0007058979628781817,-0.0023219755125650585,-0.0007687699818823008,-0.002008107292228355,-0.003312580679589271,-0.002179821634982318
2017-09-26,-0.00022612671873403404,-0.00044850205792338694,-0.0005900852853007409,-7.152235266685576e-05,-0.0005702194721301558,-0.0007148560040650799,-0.0005999649126079941
2017-09-27,-0.0010738439458758127,0.0007758063834453727,-0.00020986462521898247,0.0011666662139610034,9.761476528429458e-05,-0.0007765039389573957,-6.883869791592383e-05
2017-09-28,0.000549271126203947,0.0014198663996507377,0.0014492193666470717,0.0014346813226828597,0.001508979006822526,0.0015021830661557515,0.001455875980417363
2017-09-29,0.00032929969654653586,0.0014094514699454282,0.0025769847373194963,0.002221133578376118,0.002573338868324419,0.0031619569646567083,0.0025735488102002833
2017-10-02,0.0016464336588542614,0.00304220968124097,0.0017890787419937667,0.0026403674810810125,0.0017847001805931459,0.002185053080404605,0.0018169272446808048
2017-10-03,0.0010484574012704262,0.0027593872379629934,0.002534930679534238,0.002618068487212602,0.0025610877820904715,0.0022511619983933934,0.0026399690800244114
2017-10-04,8.651971059847629e-05,-6.186359964897514e-05,0.00010356044684076176,-8.660173610341575e-05,5.664069836195255e-05,-5.9193430316943497e-05,5.6130943426170213e-05
2017-10-05,0.0009746736739345411,0.0021118041403068917,0.0016105481676483738,0.0019256884773692668,0.0016102752683791505,0.0015936992954780388,0.001646993105982875
2017-10-06,-0.0013299568847314582,-0.0018860097341502485,-0.001670428784088481,-0.0016388355634284885,-0.0016695554013282834,-0.0015153660436853628,-0.0016895278369487058
2017-10-09,0.00042137340679173626,-0.0007399922163775728,-0.0006194484317000877,-0.0007331979011090386,-0.0006329424737663142,-0.0006437440716985433,-0.000636245281718492
2017-10-10,0.0007295644477940879,0.004048201585530181,0.0033382742903420325,0.0037780019187825175,0.003449588596207879,0.003109269531430663,0.0034945512188558486
2017-10-11,0.0005176643916948478,0.001014785082449268,0.0009795729580521738,0.0010374235294200325,0.0010426243391186275,0.0008821884990787115,0.0010531535560360389
2017-10-12,0.0006466262678703281,-0.0007088695549101827,-0.00022937963527306515,-0.00054664597871577,-0.00019623927226393114,-0.0002587633842430838,-0.00019237320215396172
2017-10-13,0.002074517685641295,0.0016759930406387937,0.001863787399272217,0.001678674622242097,0.001978729690925788,0.0016087120150093449,0.002024574905036899
2017-10-16,-0.0006378020577655331,-9.438931258978528e-06,-0.00035403820375657594,-0.00013185062883901936,-0.0003679449272006683,-0.00031284261668422584,-0.00037884326947731364
2017-10-17,-0.00012073555948789243,-0.0016039937668848024,-0.0013114525800817967,-0.0014321238938706593,-0.001295917406751082,-0.0012115478732522998,-0.001329012228545045
2017-10-18,-0.0007760924168878771,0.001573679461767989,0.0009312455458977292,0.0013463417517474688,0.0009593393557891073,0.0009833581989793108,0.0009634123192368845
2017-10-19,0.0006298127274112516,0.0003912258960669519,5.874334876054013e-05,0.0001653566271969773,-1.7691684495948655e-06,0.00015702083943682703,-3.292796613716168e-05
2017-10-20,-0.0009394767932451337,0.001331705366816171,0.0006255158708090278,0.0012691062777686292,0.0005901943119427678,0.0008130797708023937,0.0006076318045727095
2017-10-23,-0.00028578788838039986,-0.0032624917289586766,-0.00235804447595901,-0.002938710311836648,-0.002438312248143258,-0.002382355647386062,-0.002496275814861197
2017-10-24,-0.001134490559596475,0.0009680446656575108,0.00046710608969288475,0.0009203828363687643,0.0005215625610939131,0.0005718714463113432,0.0005280313573456013
2017-10-25,-0.0018000117458047613,-0.002560881530209093,-0.0019118350371506163,-0.00248391532538405,-0.002029590552740027,-0.0021146327521951768,-0.002045145965341227
2017-10-26,-0.000620687152344861,-0.0012421063093286922,-0.0013470341000049845,-0.0009672011586777725,-0.0013300925663790246,-0.00089649872422157,-0.0013576060633048695
2017-10-27,0.0037625612390163902,0.0035636999073579614,0.003390041857927747,0.003611670693142668,0.0035535140083277107,0.003374250841581763,0.0036514382624465063
2017-10-30,0.0010445960368253946,-0.002409553435618064,-0.001285375791891942,-0.0020726985046027315,-0.00126211179331509,-0.0015174463354186945,-0.0013161769927148986
2017-10-31,8.926997896475215e-05,0.0027730863547244158,0.002040534767967754,0.0025322016965956358,0.0021234102630601622,0.0020640122679994595,0.0021601254038570794
2017-11-01,0.0005252602185167583,0.000527788080369763,0.0004752085034829997,0.0005365091412009343,0.0005274395323826408,0.0005767226794917055,0.0005192633063209845
2017-11-02,0.0005732837947451559,0.0013160612356196586,0.001569910405134076,0.0014150523681700578,0.0014865962496042107,0.0017965185012282074,0.0015107550721957213
2017-11-03,0.0010021509207257663,-0.0012315483512908166,-0.0017425195045402695,-0.0012617715355695688,-0.0015084912150499681,-0.0016348775074942583,-0.0015300121837123763
2017-11-06,0.0010444046641622956,0.0017750370884644148,0.0019846710883797683,0.001862710728885452,0.0019008177107650622,0.0025768417159933946,0.0019453829649334904
2017-11-07,-0.00047861336784220897,-0.0029850779479424737,-0.003195693754443568,-0.003275884740492965,-0.003139241273910025,-0.004033281657014059,-0.0031891927915216113
2017-11-08,-6.527537385436419e-05,0.0006689856235640345,0.0009966561451315665,0.0007899907207122951,0.000994213321819429,0.0012049310783343657,0.0010017540665766382
2017-11-09,-0.0016120953359062841,-0.0020767383355929474,-0.0021197171096030655,-0.002313381860251128,-0.0022261797345753073,-0.0027012830170399064,-0.0022418686083404294
2017-11-10,-0.002771040160450887,-0.0012900908656521513,-0.0012647655706133475,-0.0013445955404455478,-0.001269312028618895,-0.001637966801183056,-0.00129310132215989
2017-11-13,0.00018293932895593114,7.935021690378552e-05,-0.0004426065460107428,1.1093566290831065e-05,-0.00038580613466328984,-0.0003562689873740622,-0.00038713482262438953
2017-11-14,0.00023251638987091837,-0.0008528343297977487,5.505345225853477e-05,-0.0009615560700439215,-0.00024137427613437343,-0.00038783920080129916,-0.0002605517018807012
2017-11-15,0.00013205641660151888,-0.0022804302349116183,-0.0023993241180627696,-0.002571786080902123,-0.002481045492271822,-0.003394409555007713,-0.00251539035307634
2017-11-16,0.0016504319270957911,0.005817943640087569,0.005646923210420317,0.006383836586334125,0.005830547111390021,0.0076505371902305525,0.005911854313346685
2017-11-17,0.0004006663359273982,0.0010559721430382718,0.0010527304281962623,0.001005302473149049,0.0008673740159094595,0.0012644695236150097,0.0009098927061036315
2017-11-20,0.0002294599025656636,0.0010323581831402542,0.0005163360487200911,0.0011987147455669255,0.0007143913540823958,0.001108747231528253,0.0007356906400903473
2017-11-21,0.0024776991096468817,0.004051169489200333,0.003928486039065631,0.004377530402533241,0.004051616639887871,0.005275552487150358,0.00410107602649792
2017-11-22,0.0012441914306543073,0.0013929730302572104,0.0022253347193329598,0.0013773050578705028,0.0019385964158596385,0.0020592452416088834,0.0019497627574475698
2017-11-24,0.0004242282426926997,0.0003273645611472678,0.001162875178097299,0.0004546298491545967,0.0010977692140919583,0.0011651384818275666,0.001076966880513984
2017-11-27,-0.00023635867967642442,-0.001565094738601305,-0.0021269773763525563,-0.001732221491444103,-0.0020541935408984443,-0.002530117073297398,-0.002083507168580835
2017-11-28,0.0025043066993821013,0.005566486022893097,0.00472574361463217,0.006240700962429832,0.00515897581565963,0.007311678204247416,0.005234565098743501
2017-11-29,-0.0019134310034941678,-0.0006911697323163344,-0.0009238338972352588,-0.00036520684014274126,-0.0006787169456382316,-0.00011847647767007164,-0.0006744783469431409
2017-11-30,0.0006747985486230818,0.0015803930354479395,0.0014218079247498648,0.0018399831569419264,0.0016359025054989258,0.0024044648534385224,0.0016255975490122106
2017-12-01,0.0016324510204086796,-0.0015043583365225805,-0.0009148054274726156,-0.0013324714636421791,-0.0009306939770677107,-0.00119790127042143,-0.0009645164043276268
2017-12-04,-0.0003833586792697065,0.0014849767070289153,0.0006739017638164016,0.0009161272016656081,0.0006288817533292811,0.0006704091013492689,0.0005850791845824083
2017-12-05,-0.00033078267914874,-0.003422001593545182,-0.0021999518975923055,-0.003361933897509132,-0.002231686738491141,-0.0021706201781232556,-0.0022187832693611256
2017-12-06,0.0005923254754376611,-0.0027611762999093753,-0.002701826705481556,-0.0029183281890380218,-0.0025805663656297047,-0.0027000772014918266,-0.0025921877559061165
2017-12-07,4.430553623681766e-05,0.002012376988059033,0.0011190293644875726,0.0019838725513550287,0.0012182789166510584,0.001195739658321958,0.00122020687029082
2017-12-08,0.0010853915513927533,0.0034736655976339873,0.002806609333252706,0.003261075904820582,0.002880082002333223,0.002658324596370773,0.002841427459859808
2017-12-11,0.0003229444819125981,0.0015124577635679112,0.0014223298611299334,0.00151810724443529,0.001390941686976919,0.0014052149141732086,0.0014023734429597973
2017-12-12,-3.249547065173634e-05,-0.0003238498259572891,-0.0009262630317813871,-0.0005943296899865835,-0.0007675761283589967,-0.0011121854999608426,-0.0008154305893844341
2017-12-13,0.00215136119769699,0.0013995301135545557,0.002824788903968075,0.0021772876480485506,0.002608756782909663,0.0026199997200479367,0.0026247537828605577
2017-12-14,-0.0009847275533746275,-0.004539449012016177,-0.0035345803287504963,-0.0046449392664052415,-0.0035377656131241365,-0.0033665159557813686,-0.003508726154555603
2017-12-15,0.0025307895312059654,0.004729125770792762,0.0029397084958800303,0.004386790015781784,0.003073768834227833,0.0028142026262131083,0.003004786908721708
2017-12-18,0.0008968013068638624,0.005389230043695014,0.004499628202688834,0.005694996042249219,0.004579743131018215,0.004113650648366813,0.004513343409422608
2017-12-19,-0.0031866587348266156,-0.002386070663215419,-0.002060398505382601,-0.0024496617493444885,-0.0021448649623507354,-0.0017977436450381235,-0.0020801922094445284
2017-12-20,-0.0016994502595812618,0.0006501165081104918,0.0001916856113683992,0.0005470765418047764,0.00016121515985617488,0.00033123290376728344,0.0001828890517985747
2017-12-21,0.001208564849501697,0.0028422773241109497,0.0024675744574072923,0.002715579673749429,0.002450043151329761,0.00238267661120784,0.0024262459832410325
2017-12-22,0.00034462108604406676,0.0007003542156171845,0.001388690073422775,0.0008717418215893422,0.0013028804224956853,0.001186490511667853,0.0012732946736757687
2017-12-26,0.00039953435618208155,0.00034188659490101393,0.000389414911808909,0.00031943196427809196,0.000369130357577224,0.0003294611646504777,0.0003548895712257265
2017-12-27,0.002340613969689802,0.0005302439552962697,0.0011171471651876793,0.0009249550157104845,0.0010757188145267365,0.0009071909811868967,0.001071922169540138
2017-12-28,5.139905435423318e-05,0.0018531330436371727,0.0015840868793152536,0.0019200207101584112,0.0015860171829579933,0.001509516973858299,0.0015731718044349368
2017-12-29,-0.00018973890349131492,-0.001145770275297183,0.0003828224301732654,-0.0006350574579408858,0.00015749112566634647,0.000346781817726844,0.0002079713625291656
2018-01-02,0.0008654239405555493,0.005237519090748999,0.004761404105233756,0.00524246645428984,0.0048330527692950044,0.004201789824478528,0.004921947767159943
2018-01-03,0.001506301530752088,0.0021582812795681253,0.002103638013061909,0.0021432944733824543,0.002281692141641048,0.001968275314414208,0.002292618298794061
2018-01-04,0.0006229977503672598,0.004301592687575937,0.003717290557584819,0.004233201407847864,0.0036390334400847203,0.0030923509447384426,0.0036784696312720474
2018-01-05,0.0010571420263017941,0.0016481628291604995,0.0020484486615221773,0.0016937761361310105,0.0022500292270167255,0.0018530454030593379,0.002291373114950572
2018-01-08,0.00030309514408864084,-0.0007871298872887482,0.00012134103794753166,-0.0006217976512691962,0.00022774003804131422,-6.24315646285568e-06,0.0002134977349495317
2018-01-09,-0.0016060482942461048,-0.0016431037525411153,-0.001000150070238928,-0.0015613875343630115,-0.0008328183722590018,-0.0009665250510637734,-0.0008744083511675422
2018-01-10,-0.0005214537282326226,-0.0013244431988274896,-0.0010756376517668002,-0.0012118105785778215,-0.0011332317197235218,-0.0010906226770900466,-0.0011857531003348974
2018-01-11,0.002513658095213413,0.0024765990270338486,0.004563879255267024,0.0028369837985568708,0.004738578288613792,0.003605579546015103,0.0047986856708415624
2018-01-12,0.001410176539785186,0.00681419953884293,0.005232406031814373,0.006782095048319385,0.004986814744600903,0.004041290968059814,0.00499730914186337
2018-01-16,-0.0009155573189237524,0.0005560276990729013,-0.0013498412439506289,0.00030006595898184393,-0.001621784678702404,-0.0013285104097911814,-0.0016781430996981787
2018-01-17,0.0015601907571695902,0.0028516036073466143,0.003645516036157221,0.0030184252212203415,0.003883316672222486,0.0031455094071587385,0.003935199258638231
2018-01-18,-0.0020962940471841106,-2.2502339968825426e-05,-0.0013517981559042485,-0.0001335831621053096,-0.0014533582153773866,-0.0011638857195701397,-0.0014976502315881394
2018-01-19,-0.00031367388936047024,0.0021842998312064927,0.0029922513573430376,0.002494276032834581,0.003056806954229371,0.002215938312609749,0.003041923679861127
2018-01-22,0.0017454576698816855,0.0032005192607608176,0.0036680622446576255,0.0033541818985062285,0.003731232903547901,0.0029180489306121467,0.003755975275617342
2018-01-23,0.0024021000902939567,0.0020636598283080183,0.0018368083967638328,0.002045783569397778,0.0018350101924899343,0.0016099077560941927,0.0018715373722203773
2018-01-24,-0.0010211820812158464,0.004546563880401291,0.001982212081721217,0.004390182960905913,0.0016552971024917443,0.0016206774728020202,0.0016092994224870716
2018-01-25,0.0019845721433583946,-0.0006116788423070443,-0.00022481469142221345,-0.0005763545341368174,-0.0002366549635725789,-0.0002102647680042949,-0.000218260866711733
2018-01-26,0.0014251583764718046,0.0037319704636771503,0.004002247192041526,0.003739455891072471,0.004225808089584735,0.0034438916911623168,0.004289094987646573
2018-01-29,-0.0031205072502770857,-0.006922283889888158,-0.0058365202488047515,-0.006832312997494658,-0.005761208255600569,-0.0051325609519693935,-0.005875646503331961
2018-01-30,-0.003811043216782644,-0.0037180645144236513,-0.005240258804203611,-0.003978057687700937,-0.005482472399457089,-0.004681464678526483,-0.005582243670554352
2018-01-31,0.0007384879832609335,0.0017437676990040088,0.0003039977149483789,0.0015392138690688904,0.00022521022685131762,0.00044735139418369016,0.00022781012954644305
2018-02-01,-0.00228928472006041,0.0008625141896236093,-0.0001371348661662027,0.0002446658883821551,2.3858475903173668e-05,0.0004634138634809268,0.00010033208486651422
2018-02-02,-0.0082193032836875,-0.013117613034010982,-0.013314549236787427,-0.012289900402476841,-0.012797947111077748,-0.011419618445322728,-0.012823418675488012
2018-02-05,-0.008367643724378267,-0.02170954360769157,-0.020830477270417258,-0.01761594637324685,-0.01886786116159209,-0.01644894596289794,-0.018960182954191777
2018-02-06,0.002625386763743632,0.00790535741756222,0.008186773544467233,0.0066797473692194196,0.007608838292507565,0.005817227756994508,0.007584234602401259
2018-02-07,-0.0028288255089978847,-0.004359087370041285,-0.005337751534383267,-0.005448503727102437,-0.006291901709992933,-0.004274604074255666,-0.006216867023353092
2018-02-08,-0.011532469188575175,-0.01663674053342053,-0.017872299888051578,-0.015526597267564808,-0.016350216412012224,-0.014528418919503804,-0.01630199246895397
2018-02-09,0.0028241409041579657,0.00449538287598625,0.0052453494816665095,0.0040448978395365215,0.004656033794781076,0.003363630555901613,0.0045603082567542445
2018-02-12,0.003955873621400794,0.0065761992262684844,0.0067416625847243235,0.005855664992299281,0.006390738188438199,0.005314547712536471,0.006401219771009671
2018-02-13,0.000952342766551494,0.00023428163468689107,0.001198338927270654,0.0011472703850578716,0.0013277909568556966,0.0006272572784992731,0.0011880901333806639
2018-02-14,0.001497862394389044,0.008633885199786315,0.008439320520655557,0.0072036197328317585,0.008296024021789672,0.00623398312474643,0.008286907830196916
2018-02-15,0.004454038794637159,0.005315706889125454,0.006675318760749047,0.006303987446229885,0.0066595906996606315,0.005692517275705411,0.006561998793797069
2018-02-16,0.0016932729320633657,0.001768711283948902,0.0012407999216695277,0.0009351080447740129,0.0007561057210483896,0.0014055960101347494,0.000866301349612631
2018-02-20,-0.0025924449650556606,-0.005582009883364973,-0.0054014017067796965,-0.005228089184468177,-0.005327915655633679,-0.005035883906285257,-0.005376558051093895
2018-02-21,-0.003608337911575477,-0.0031531932991368636,-0.003080854950992349,-0.00328963465497191,-0.003040664153566231,-0.0032347046842017145,-0.0030819804567384563
2018-02-22,0.0002807891917428121,0.0010657355494006445,0.0008131627222308401,0.0010178254429411568,0.0010561001318238159,0.0009779187294321225,0.0011001414542559044
2018-02-23,0.006307085163759344,0.007719973824222847,0.008500370695594759,0.007717059784493043,0.007968975088448037,0.007301705403704259,0.007944262007609679
2018-02-26,0.0035295606850545384,0.005151241124865974,0.005362280050630497,0.004933795827194847,0.005081943632930938,0.004615360906330787,0.005081275074470105
2018-02-27,-0.005043960334307212,-0.00860233461287025,-0.009402269714461006,-0.008643468187280446,-0.009544763598982226,-0.0074866362595608915,-0.009467483758403674
2018-02-28,-0.0012606735917300507,-0.006646850017299279,-0.006675784199039257,-0.005725248391061075,-0.006184795838424122,-0.0052556069437451475,-0.006153116078846249
2018-03-01,-0.002959036775117811,-0.0038706177697855225,-0.004047081489622744,-0.002985508993729945,-0.0033645523273380285,-0.0019973922865480255,-0.0032836090616995247
2018-03-02,0.0008986328879846317,0.002650712271518359,0.0031227247049335715,0.00232985193085254,0.002847193923818101,0.002019894450678348,0.0027682328435480186
2018-03-05,0.002873181899950318,0.0036140695845648502,0.004103703249390182,0.0033434758964790874,0.00376195341255779,0.0027225155876815623,0.0036984147346913114
2018-03-06,0.0012348019586395536,0.002638251174607701,0.00346620857790473,0.002764894920424086,0.0032735411612814457,0.002708835873196291,0.0031817664100506028
2018-03-07,9.321985025187389e-05,-0.0004375874533523136,8.193202046144661e-06,-0.00016032203235022527,2.1004553290125553e-05,-3.7517687373884306e-05,2.2749961346821453e-06
2018-03-08,0.0021933270494195216,0.000820782779376792,0.0006143944722878988,0.0004679101856934701,0.00046808990054965474,0.00020762920861455182,0.0004826490894273695
2018-03-09,0.0036258694898034065,0.007109228079770596,0.0071476476930959106,0.00570915260675982,0.00685524436092791,0.004919128020098984,0.006751245457597213
2018-03-12,0.00021598713990287819,0.0003180380108163437,0.0003959573689187053,0.000294874515097338,0.00048715412783187665,0.000458737903569884,0.0004775248042829027
2018-03-13,-0.0009630052019374243,-0.0026648897525404056,-0.0026316294066878847,-0.001714045497905756,-0.0024882034922918527,-0.0014394873339522293,-0.0024342022806176367
2018-03-14,-0.00026832863230944436,-0.001176818220305004,-0.0015215708545231843,-0.0011169120300959334,-0.0013004040762223054,-0.000752293321340996,-0.00127372818631587
2018-03-15,-0.0003496664161584249,-0.001303810119989269,-0.0012887303796680967,-0.0012456367443757033,-0.001350073938542759,-0.0012443482634748877,-0.0013340505004576265
2018-03-16,0.0001109921409441116,-0.00017526752491669193,0.0004179004245468909,-0.0002388456909970944,0.00017864913484531332,-0.000262144950362599,0.0001495074789788352
2018-03-19,-0.004568652649294239,-0.005718612207520669,-0.005705822547064546,-0.00480259018612628,-0.005360738099891736,-0.004131681692569533,-0.005289885051042406
2018-03-20,-0.0007023541984059733,1.0578579219321614e-05,-0.00018039300567315714,-0.0005840235478435,-4.632197382996181e-05,-0.0005345271667345547,-4.976886342428503e-05
2018-03-21,-0.0002331852228023322,0.002569424051202335,0.002493184525060167,0.002637414475436246,0.0026540585592510517,0.002747126676412752,0.0026188164547084943
2018-03-22,-0.005957383229833415,-0.012443754395228164,-0.012643422669107549,-0.010533224838237439,-0.01230600281665183,-0.009437414034360683,-0.012116617887833282
2018-03-23,-0.006234024782868607,-0.00789557603208494,-0.008439293472371358,-0.006288269976733013,-0.007751271701110835,-0.005282811885099735,-0.007610516812151186
2018-03-26,0.007611956768190579,0.012502417269059452,0.012387696390439996,0.010323908179049506,0.01193596179108164,0.009074760668202371,0.01176612329266516
2018-03-27,-0.0031547497499164333,-0.0054542999998616615,-0.00597073925459912,-0.004458423289720555,-0.005627687560656351,-0.003638874152962203,-0.005510788297508581
2018-03-28,-0.00022362241214025815,-0.0009260409099385491,-0.00018123076030989436,-0.0010249735802006568,-0.0005453524661361623,-0.0008871039561353919,-0.0005917428350961574
2018-03-29,0.0061335529814024944,0.00795340408598114,0.007702040318983546,0.006771272304476796,0.007535540280435976,0.006238814013140925,0.007459506151793735
2018-04-02,-0.007071446110739934,-0.008030755569735542,-0.010258304881142592,-0.009533895952319753,-0.009962977930400779,-0.009744475803481475,-0.010165716927395794
2018-04-03,0.0027046092775630083,0.003957818582443097,0.005725377322741415,0.00491690097141949,0.0054437364661167964,0.005271675672594215,0.0055328042970331556
2018-04-04,0.0034180046547118655,0.002936903455919626,0.0038263057895750524,0.0036831007332248948,0.003662113007859148,0.003593987386389904,0.003787971832369126
2018-04-05,0.0009630799220842906,0.0023369890234727895,0.0028170007226271674,0.002948110205214168,0.0027442976239777,0.002628520306653573,0.0028032088274784566
2018-04-06,-0.004223380656171501,-0.004888603813094229,-0.007842252733944916,-0.006684809001722994,-0.007351397282050589,-0.007332494073348043,-0.007510900823924808
2018-04-09,0.0014776198970314893,0.0020829323278984202,0.0012066401187241734,0.0022567524951607005,0.001390074606458873,0.0014683878736932098,0.0014248147004469753
2018-04-10,0.0039322502230819244,0.005260252748746132,0.007968596613364578,0.006543975906379349,0.007687022411936868,0.007616343733464462,0.00781355388327497
2018-04-11,-0.0006889371591422164,-0.0013713500520887763,-0.001048674232257346,-0.0017182075033551527,-0.0010974297316882597,-0.0011211965636150625,-0.0011532946636679075
2018-04-12,0.0007037173418086846,0.0013577143073531257,0.001549307678227159,0.0020625822078908585,0.00144360167334666,0.001377312753493815,0.0015160267837094545
2018-04-13,-0.0005683706914572776,-7.156095176452464e-06,-0.0012544224162214194,-0.00037432018061831266,-0.0010100985118653017,-0.0010987216076133322,-0.0009833101970251393
2018-04-16,0.0024008324607882273,0.00213697355643064,0.0033175349173238796,0.002824263627137996,0.0032179164601545338,0.0030542459275993616,0.0033527197265401315
2018-04-17,0.0030392165052417833,0.002209445355145715,0.0025639139025793465,0.00306261520011862,0.0025120876677220414,0.0024315955605139373,0.0026270566670422222
2018-04-18,-0.0015517791990923163,0.0006710910452856427,0.0013329546114371294,0.0008813504964070085,0.0013191738575393701,0.0012004217848122446,0.0012952233024040626
2018-04-19,-0.0033123358130854744,-0.0028223819080807795,-0.00300314594021432,-0.0028860886300929476,-0.0030545435475601047,-0.0029069002414699287,-0.0031083084789634086
2018-04-20,-0.0042315382156041595,-0.003640949655460903,-0.004281868834059128,-0.003768653627988368,-0.004265662432878629,-0.004181670489226195,-0.00431385853551298
2018-04-23,-0.0005103006313562846,-0.002001849123557979,-0.0026037600708455014,-0.0017515478582624837,-0.002608611936134442,-0.0027787513659773026,-0.0026173703795398613
2018-04-24,-0.00429276133045795,-0.0033622043204503587,-0.0036058494550067328,-0.004025560270452755,-0.003505672311273569,-0.003532933827517402,-0.003608065197209744
2018-04-25,-0.0007296483897976511,-0.0013371836618835714,-0.0014099786302539203,-0.0009346056032840295,-0.0014812023044972846,-0.0015095047787521381,-0.0014456703948357158
2018-04-26,0.003832290305728173,0.003214658976537373,0.00330730566763325,0.0037326078057793206,0.0032404990882109914,0.0034309545969242704,0.003270687038843233
2018-04-27,0.0010549843661632216,0.0010556363799298322,0.0014023148355834676,0.0009922581962777482,0.0013892675083271102,0.0014767888643076978,0.001384522263163949
2018-04-30,-0.002001352565438634,-0.003505159642047423,-0.004634195767701769,-0.003836219812404911,-0.004540847333734976,-0.004379050108974075,-0.004616917825123274
2018-05-01,-0.00014440703524996532,-0.0036368606745897807,-0.0017905340408272117,-0.0029421553908593823,-0.0017492703138094227,-0.0016853632544534948,-0.0016421631945088245
2018-05-02,-0.0018552220076751952,-0.004393606434866902,-0.0036425974580840854,-0.0045885626609493985,-0.0036518634533906132,-0.003405801373431697,-0.0035636047940956995
2018-05-03,-5.8855327090001804e-05,0.0007625133407741491,-0.0007038897062768494,-0.0001986614141939111,-0.0005870848276477309,-0.0007470101806896792,-0.0006527517897080647
2018-05-04,0.004358074158535653,0.0012144076361526976,0.004580872400197998,0.003176088293765056,0.004552076323503903,0.004418405002338713,0.004601523292117243
2018-05-07,0.0009356268555445572,-0.0014522972502965437,0.0005053908000917501,-0.0005542566153211009,0.0004911058014835184,0.0006757810413917519,0.0005436823585878071
2018-05-08,-0.0007507559673647797,-0.0009921689878069338,-0.00029315541282299174,-0.0005500523425134654,-0.00044027767943148567,-0.0001892111560839324,-0.00036340678866120604
2018-05-09,0.002039580139768563,0.0001480063807081311,0.002635297226950223,0.001750891054928839,0.0026165170548925407,0.0026029774903114323,0.0026735642118076814
2018-05-10,0.00435615353922574,0.008922360225430703,0.007148191283930269,0.008441022321934607,0.00718939496619774,0.006500129934468738,0.00700581566060008
2018-05-11,0.0009848317582557328,0.00025439357366828367,0.0009377439928523895,0.0005163955451169865,0.001059557014051036,0.0008042894697706646,0.0010288754189193244
2018-05-14,-0.0005212375118299512,0.0006373050532336502,0.00021766320515266617,0.0005484211947220178,0.000202851094838069,0.00019606630189901252,0.00020140869341116937
2018-05-15,-0.004960410402699934,-0.009293795582818145,-0.005928862135417742,-0.007843817423211705,-0.005997589614672668,-0.005286288467520604,-0.005792060555606404
2018-05-16,0.0007148159764094249,0.003630750309335437,0.003546416571332978,0.0038062119620459276,0.003457594064868729,0.0033918571752528286,0.00341119873538135
2018-05-17,-0.0008816042763945538,-0.004290243367111831,-0.0014346446388681707,-0.0032415055421028314,-0.0012891898856412602,-0.0012291468219086383,-0.0012297332360860034
2018-05-18,0.0010797084491209112,-0.0021768807846227144,-0.0017570196985032401,-0.002307281950212574,-0.0017074006189098543,-0.0016292058718228907,-0.0016889632307729558
2018-05-21,0.002323449202068334,0.0024234796972889385,0.003838058067557479,0.0031889179846762835,0.0038832311502729074,0.0036295569387963583,0.003847583234835511
2018-05-22,-0.00105379491463244,0.0009971128836469487,-0.0006079565357052991,0.0003087966925076918,-0.0006407577321429795,-0.0007464133634384809,-0.0006616235735544707
2018-05-23,0.0027650159477004845,-0.0016210388992191644,-0.0006259294064548643,-0.0009968535762692218,-0.0007383210316572868,-0.0005363026700700986,-0.0006561955029911995
2018-05-24,0.0014321264551314982,0.000332436146483915,-0.00017376562558106128,-0.00017826497458066002,-0.00013000656714160126,-0.000147056791164367,-0.0001786096300258699
2018-05-25,0.000944511340025381,-0.0009712522899142737,-0.0012781570701292985,-0.001121844966994318,-0.001417227141048943,-0.0012927433130923826,-0.001345956036992284
2018-05-29,0.0014994341819445272,-0.00775670220703289,-0.006797311092816741,-0.00787085855050803,-0.006972921356104533,-0.006169486840439821,-0.00681637679060787
2018-05-30,0.002160079749292017,0.004317721177984354,0.0068031743981016145,0.005785254705272311,0.0069723256224440726,0.006460387784282132,0.00687956670761372
2018-05-31,-0.0027083152203470785,-0.000771685182613642,-0.0033279657025777013,-0.001958637504360796,-0.0034726200656599376,-0.003092971835160877,-0.0034435215945311146
2018-06-01,0.0022549484114771146,0.0033300897950120072,0.0033797874045503155,0.0031305430909009456,0.0036331056207864728,0.0038936307117898206,0.003556060974001226
2018-06-04,-0.00025627380096699954,0.0027267134777317625,0.0027718678218232188,0.002742298120819806,0.0029205546433978473,0.003095074625798771,0.0028690915237818246
2018-06-05,0.0009717900069131299,-0.0006975184671371309,0.00017016081149615202,-0.0007024876233108222,-0.0002315847865564865,0.00023027516197844354,-0.0001804038341803682
2018-06-06,0.0010595087650318502,0.004030619266959776,0.003996253005765145,0.003739815445765816,0.004276282716631446,0.00446453815848834,0.004151496173915822
2018-06-07,0.0010882721545148449,-0.001497514997044892,-0.0008992042496913572,-0.0013573783341655136,-0.0012767918777642862,-0.000583344498740772,-0.0010873593927545196
2018-06-08,2.946645276973329e-05,0.0007052355655410818,0.0010353644785399178,0.0004796739182342637,0.0008977660373066,0.0011737331215379765,0.0008748679488591162
2018-06-11,-0.00029232959421205513,0.00035688128784387534,0.0008491668943946048,0.00046373375835848227,0.0006700790725862359,0.0008225825683850863,0.0006710652174974054
2018-06-12,0.0008215083521386339,-0.0013144049701059848,-0.0014370290031738935,-0.0013794594720707028,-0.0011816509303644851,-0.0011089800110536815,-0.0011226672215680932
2018-06-13,-0.0017818089474381615,-0.0023037528435672773,-0.002206753849436771,-0.001929301063769888,-0.0023554500652201403,-0.002412426882058062,-0.002247794125834435
2018-06-14,0.0026448830526850107,-0.0016964527724641057,-0.0012161007466341774,-0.001977888239703779,-0.0012330827301827196,-0.001229620193623885,-0.0012580467865489224
2018-06-15,-2.4945708068086273e-05,-0.0007438293432584099,-0.0009969210419560979,-0.0007829919101851332,-0.0010930225958096934,-0.0008794818820049771,-0.0010156399720671705
2018-06-18,-0.00019986784094327815,-0.003005623740878835,-0.001938174550724071,-0.002819617396481194,-0.0021412041882826168,-0.0015988109388973466,-0.0019844690697190127
2018-06-19,-0.000269782268456185,-0.003047247860876538,-0.0028540880184757295,-0.0031114512476529263,-0.002984676878392943,-0.0027644452678684686,-0.002869789229025395
2018-06-20,-0.0006342008331486225,0.0010619762182606824,0.0014257839879338193,0.0009359117960249356,0.0013427561837842897,0.001501655398634099,0.0012903277547578757
2018-06-21,-0.0018605262324560108,-0.002658355053100536,-0.0028427872825087354,-0.002422853597241709,-0.003235509880656462,-0.0031572972541957117,-0.003089168459751104
2018-06-22,0.0010891954991391595,0.004015238755538022,0.003801290554845005,0.003980409900964368,0.003682304788294422,0.0035412230705992418,0.003546307992937421
2018-06-25,-0.004597137856972884,-0.005656631025588858,-0.006236704420010649,-0.0051554049601331454,-0.006172152303142494,-0.006443317597488061,-0.005939959857095023
2018-06-26,0.001806729580340151,-0.0006057300229398715,8.722087900316761e-06,-0.0006975247739635739,-0.00010762410035501158,2.8016034842103118e-05,-0.00011541460905531659
2018-06-27,-0.0015286337228213164,-0.006053399336995638,-0.005990633694529856,-0.005958308713648537,-0.0063175157390456685,-0.006468554850307979,-0.006148204024825516
2018-06-28,0.001800345297631478,0.0025641751211461926,0.0022086680966090615,0.002224622335228271,0.0024326855855926724,0.002339299226076222,0.0023156552716515908
2018-06-29,0.0008070112480943058,0.00395798759317314,0.0032298431025363115,0.004293899291296461,0.003612596599106538,0.003252841401681642,0.0035303538724860478
2018-07-02,6.341724648867937e-05,-0.002406613044871459,-0.0019423983694428714,-0.001999699181795632,-0.001927210648978432,-0.0015281763012698398,-0.001759554853026852
2018-07-03,0.0006807615668286835,0.00113268186449576,0.0008024138336576471,0.0007399458500758129,0.0008082336706314893,0.0007965123219504668,0.0007763025318201367
2018-07-05,0.0032088784433129914,0.00453445859537524,0.004228252615847285,0.0048531147765375985,0.004399631400417851,0.004106912146470567,0.004394342025156655
2018-07-06,0.0032535366354589468,0.005383828449713432,0.005446340555948191,0.005620662822350168,0.005523045339944724,0.005137751964404553,0.005450310239348854
2018-07-09,0.002083718751201417,0.005183914846056824,0.005568920086075332,0.0056470265977544495,0.0056077549223829334,0.005484215724628887,0.005569043737559244
2018-07-10,0.00024691662109848896,0.0004351314398757644,0.0004826268626085278,0.0005549399341949502,0.0005402926216913158,0.0005072138241831005,0.0005657250603168175
2018-07-11,-0.0018829915951599184,-0.007171928045514158,-0.006898390353613516,-0.007320823075454857,-0.006995238261522291,-0.006489823891282706,-0.006839446633698055
2018-07-12,0.003331452983373108,0.003876094312120655,0.0040043910558328465,0.004195942788840631,0.004041031732185358,0.00362030983407507,0.003956903308642223
2018-07-13,0.0008442307169993787,0.0015231701632180106,0.0010970220687641897,0.0012230606478499724,0.0011572387987289943,0.0009583666645494278,0.0010963592117778716
2018-07-16,-0.0012659914186941945,-0.0011303873822160104,-0.0010446748338616325,-0.0008624171372884919,-0.001055040270711097,-0.0014333976064858347,-0.0010954751345644332
2018-07-17,0.0011125266920439035,0.0007694755507747734,0.0008930409725355738,0.0007906677739501262,0.0009369455552881859,0.001375101650862945,0.0010137628115852212
2018-07-18,0.0004663841040262141,0.0007631614081109913,0.0009627694457490277,0.0010506209674841826,0.000982042214493321,0.0010900935950288158,0.0010367767980721295
2018-07-19,0.00032736065247118663,-0.001138371418950929,-0.0013830471520596222,-0.0012770120012969384,-0.0013545032954535448,-0.001079929703893556,-0.0012677319028719996
2018-07-20,-0.0019178589083470596,0.0013325725754004907,0.001303894039411769,0.0012915011720478421,0.0012326984305402453,0.000732364383178023,0.0010392565829489939
2018-07-23,-0.0019552619425864323,-0.0013472823957737597,-0.0012039675892539584,-0.001183316063274624,-0.0011317861704975571,-0.0007498340586883498,-0.0010302362511622782
2018-07-24,0.0016538002298804397,0.001880535992960502,0.0021687502301875024,0.0019804438306065385,0.002080235208929901,0.0016112010814812788,0.0019519107296969488
2018-07-25,0.002633250067429102,0.005297235576370379,0.0053616970584193565,0.0055128894536776085,0.005422377607026328,0.0048314365421334785,0.00528302623948911
2018-07-26,-0.0008879823186983857,-0.0010009562978885809,-0.0009115454388841442,-0.0010364059694502336,-0.0008543707772918718,-0.00021563197182064537,-0.0006744444730031952
2018-07-27,-0.0018784707158012038,-0.0010562971240514543,-0.001500260358425657,-0.0017356596673335882,-0.0015702341327015852,-0.002015180018789264,-0.0017333603888605661
2018-07-30,-0.002694121317075647,-0.0012022398712196465,-0.0010112514176758792,-0.0012696873471116329,-0.0011153874902145669,-0.001176301164182515,-0.0011511092459161542
2018-07-31,0.002304751681702201,0.002144632160865592,0.00253426551411953,0.002662881999583035,0.0025348998644665163,0.002705437167295817,0.0026018850060017
2018-08-01,-0.0010739882387224486,-0.0037326759107002734,-0.003120314572378974,-0.003250526877796654,-0.0030727123868148926,-0.002894525452411069,-0.0030508512542427664
2018-08-02,0.0020927080159277335,1.2915705648688686e-05,-0.0007131392552928032,0.00010083148207783537,-0.000686984920053427,0.00026850789677262846,-0.000620530570891828
2018-08-03,0.002540971446227794,0.0031764468746634457,0.0025414010914967308,0.0028719018171182546,0.002597264564282643,0.0025392633399754913,0.0025846258453725806
2018-08-06,0.0018491277816874443,0.0009712978405282413,3.7443222031884374e-05,0.0007517085297334815,6.746490946759069e-05,0.0005850609278735762,0.00010860726599193517
2018-08-07,-0.00023079828577548807,0.0032588805991828926,0.002183307061500579,0.002404726554911301,0.0022512426856609973,0.0020612644765197283,0.00221243922921034
2018-08-08,-0.00029298215905080693,-0.0007753680764502487,-0.0005051164810571786,-0.0006366880789442081,-0.0005372524305201675,-0.0005508265654745457,-0.0005315981853245734
2018-08-09,0.0007701764171253616,-0.0018227078342920554,-0.0014531167195251287,-0.00150765338685195,-0.0014243378489947858,-0.0013313977210664023,-0.0014035200415827697
2018-08-10,-0.00042819574646278604,-0.007563738157215924,-0.007070575539149759,-0.006652755929440268,-0.006840470731763164,-0.00688067251782218,-0.006772022531189449
2018-08-13,-0.0007909882032258785,-0.00557385889252795,-0.004189064013134411,-0.004670505591112488,-0.004227818347566651,-0.003987901167186274,-0.004164849852018924
2018-08-14,0.001382269538802495,0.0047197982654055845,0.003486840865787555,0.00413332781481637,0.003411001663361458,0.0039995134125338635,0.003415528781347096
2018-08-15,-0.0014635217927427206,-0.008750132792758618,-0.0066601429370219175,-0.007104100238141358,-0.0066908713179090985,-0.0064491512842988746,-0.006599861975930249
2018-08-16,0.00280765283404968,0.006896195068437088,0.005007385889905874,0.0056574346625915895,0.00493956040256105,0.005169284576830996,0.004941910015045074
2018-08-17,0.0015260763481030357,0.00501077296708517,0.004111592574932146,0.0042944456192446825,0.004040145482658747,0.004023119603320437,0.004014877902192217
2018-08-20,0.001951055497740591,0.002951133815209968,0.0022758891262156635,0.0023933208027493783,0.0022450945225224754,0.002177947237801128,0.002255224105166876
2018-08-21,0.0005673225052289049,0.00589127721236638,0.00436719003725454,0.0047989081519007725,0.0043430848766548,0.004164038491580575,0.004285645435850598
2018-08-22,0.0006882526317815742,0.0007455365098532438,0.0014943904513931767,0.001058383268438837,0.001461018471727166,0.0014852649098709523,0.0014367390642013905
2018-08-23,-0.000993410723214189,-0.005198147644446075,-0.004387174042904276,-0.004485026631230073,-0.004366130034708423,-0.003964217528189314,-0.004298491390015119
2018-08-24,0.0026994534597227582,0.005367453645845866,0.004306573467014977,0.004660296088564813,0.004369815790525545,0.004284874165957926,0.004318455289385938
2018-08-27,0.0013134019404261131,0.005917838425314385,0.004741697744546482,0.0048329452311906785,0.004748167302440916,0.004683287894528378,0.004696037574053846
2018-08-28,-0.0011118857589876212,-0.00046852540952946017,-0.0008830923130494,-0.000648190268815757,-0.0008238858823964692,-0.0007950465022783135,-0.0008226591719479461
2018-08-29,0.0014968252014570626,0.0022026866073740084,0.0014642659315285012,0.0016873155484377052,0.0015070872777738834,0.0017000065448580727,0.0015046405480047306
2018-08-30,-0.0009451164265208141,-0.006437553939247296,-0.005147110601461335,-0.00548159513931046,-0.005195535166168566,-0.0047770635816049584,-0.0050981809069728795
2018-08-31,5.851026730079366e-05,0.0004196905401745193,-0.000594896006245364,0.00014452461527973194,-0.00038036479644019136,-0.0006187312981313555,-0.0004190514672600778
2018-09-04,-0.0011992755253528989,-0.005975748269858803,-0.004370722798003025,-0.006580787285239561,-0.004440367304315555,-0.0040020798394147265,-0.004441304215462901
2018-09-05,-0.0013255927141053241,-0.00176032545046498,-0.0011757034469914182,-0.0021543688887436583,-0.001362022238252506,-0.0008679881840159061,-0.0013549556948351396
2018-09-06,0.00025994378387951826,-0.0003190077945411477,-0.0005516088696224937,-0.00025672803268780614,-0.0007079219101239994,-0.0005290176966274811,-0.0007033230954083113
2018-09-07,-0.003182785765502941,-0.003373393329837354,-0.00318831016193427,-0.0036071727565962462,-0.003305911983303305,-0.0035559539069153386,-0.003336171298493027
2018-09-10,0.0013141333054507431,-0.0012501070122858957,-4.15796162984781e-05,-0.0015075967047326895,0.0001929490306668433,0.000517669373301549,0.00021523082167351976
2018-09-11,-0.00015597800144824233,-3.586656744416193e-05,5.079396608014268e-05,-0.00017482399802654303,0.0001441806387184541,2.6076498020669503e-05,0.00012882523965302459
2018-09-12,0.0004803809121282323,0.0026052665251160775,0.0018530121421842362,0.0026236799113058627,0.0018251726308226445,0.0018715687212162958,0.0018342458520640339
2018-09-13,0.00199178206029893,0.0044675373397202,0.003931670625756588,0.004703485239683001,0.004037578291917727,0.00441712129378533,0.004036926006723931
2018-09-14,-0.001068545014176482,-0.0008464669188319138,6.896036522746838e-05,-0.0008406672202752716,0.00025357978839002214,0.00026262984017036433,0.0002308279179630301
2018-09-17,-0.0019295382413703364,-0.0008931768113039157,-0.0016006728778507789,-0.001168947662839843,-0.0017482224154274245,-0.0018500906271426381,-0.0017042138301666344
2018-09-18,0.000122758726016545,0.00178203093516895,0.0017311011236644178,0.001643586457625842,0.002037413139401085,0.0016288198303694398,0.00201695432168383
2018-09-19,-0.0012770760416630485,0.0035538515351776693,0.002215788350513747,0.003337852687831688,0.002112737126692792,0.0019433769890151173,0.0020935959059896134
2018-09-20,0.0032828159031608895,0.005543792578703118,0.005461731851623099,0.005636241514125525,0.005691493237940976,0.006252303318017141,0.0057088487171293705
2018-09-21,0.00022467911359214397,0.00076211019175747,0.00046013034663669304,0.0007676748744505234,0.0004206981459917009,0.0003974429875434176,0.0004154752556326403
2018-09-24,-0.0017694354492999024,-0.004857641668898877,-0.0040509705293323124,-0.0047809734432388935,-0.004066697284789705,-0.004232343061006259,-0.004075109878092349
2018-09-25,-0.0004919032163249777,0.0014334188915378606,0.0006595729495257982,0.0016839097571617317,0.0006955638393113415,0.0003877622193749008,0.0007017507409916371
2018-09-26,0.0004731955010704085,-0.0006189498505667642,-0.0009330617979273699,-0.00019913472146534285,-0.000989392137906283,-0.0011537947135888472,-0.000987180622150675
2018-09-27,0.0011731875775597164,-0.0007002600902812829,-2.109719500232183e-05,-0.0006685090259985905,2.3020260067675708e-05,0.00010486199525910743,-1.9591942190109768e-05
2018-09-28,-0.0005929946684305118,-0.0017860127310171177,-0.0011917483193860277,-0.0019165993638840166,-0.0012838222871950945,-0.0011204282919714393,-0.0012968200803647207
2018-10-01,0.00031167318102160276,0.0007887379794537287,-3.4699473127667267e-06,0.0008583735566920777,-8.668685753971382e-05,4.5058791577303543e-05,-6.401511094321431e-05
2018-10-02,0.00030485373193878015,-0.002194917497509703,-0.0023332110678183663,-0.0018813902940623846,-0.0022030395414605426,-0.0015277909393282578,-0.002209987879690646
2018-10-03,-0.0027969950573543114,-0.002325466300525627,-0.0021632063915101698,-0.0021784112575226897,-0.0018468798688258087,-0.0013516669685431802,-0.0018261661362754182
2018-10-04,-0.004659750566612725,-0.005943859117975989,-0.006066762463708343,-0.005846323572712337,-0.0060291060422104255,-0.00509982291345752,-0.006084049296654739
2018-10-05,-0.003564831525663675,-0.0029865043126824815,-0.003376066020055982,-0.0029800091477896057,-0.00347247605202206,-0.0035682771735067627,-0.0035614644167976167
2018-10-08,-0.0004992862328804475,0.0009336739319083139,0.0006365240640602845,0.0009669487891617358,0.000719784113226789,0.0005614585718241452,0.0007089741303086721
2018-10-09,0.00041273442656680206,-0.0014564905245081485,-0.001725940290639188,-0.0013145433301244127,-0.0017674781672562898,-0.0015913022648239759,-0.0018269482875252047
2018-10-10,-0.010400243666005782,-0.012184006214682335,-0.011598594441598378,-0.012699551588667162,-0.012481530496788273,-0.012999022029278481,-0.01284501275208894
2018-10-11,-0.004814551997699442,-0.007990063966128436,-0.007602541764061713,-0.00846689282513371,-0.008552677754426152,-0.009478746094233673,-0.008892981807694607
2018-10-12,0.004419912255411187,0.005744185839710328,0.0042251430694591995,0.005877048912777722,0.004220156309875765,0.0037182313119722525,0.004206756330618653
2018-10-15,-0.0018819874852986458,-0.0017549438852407406,-0.00093401899896985,-0.0018059357020004854,-0.0008589052730539526,-0.0007420793787041833,-0.00083377474976105
2018-10-16,0.007447267656550859,0.00955885157481854,0.009507797985332127,0.009709854370708544,0.010017552212265286,0.010016946913385102,0.010270938863586357
2018-10-17,-0.0014515999150605421,-0.003358690552661721,-0.003532385329976147,-0.003039829897796785,-0.0033155319202187537,-0.002544023951450487,-0.003330746617275816
2018-10-18,-0.00508967245968682,-0.008136450154598403,-0.008070072413608954,-0.008056230965372658,-0.008271128048820464,-0.00755933951018198,-0.008422515785627584
2018-10-19,-0.001422316192489622,0.0015311864592199376,0.0009312256105734327,0.0013275240100367762,0.0007179005705402334,8.174550171584371e-05,0.0007092314005620312
2018-10-22,-0.0013995061438128562,-0.0009939635738017434,-0.0015853001658148248,-0.0011360039032029898,-0.001884633228532088,-0.0027471659415913294,-0.0020729140128801873
2018-10-23,-0.001042385503013694,-0.003912389256749667,-0.003968719967823632,-0.003836746291564464,-0.004148097214112802,-0.0038780687801050684,-0.004263700995029919
2018-10-24,-0.008202717524814218,-0.013595149268089031,-0.013779926943807363,-0.013659000553868105,-0.014528152931635722,-0.014548597055892402,-0.014967154505780525
2018-10-25,0.0054412348889830535,0.006537576134585258,0.006392646489043606,0.00679336891656262,0.00687996760868448,0.006876373666372643,0.007041302008126128
2018-10-26,-0.003984482814393156,-0.004332045344837984,-0.0038800460374533133,-0.004714994352590383,-0.004463320309748182,-0.005231058535715173,-0.00466226058203113
2018-10-29,-0.002482490917137259,-0.003954809103342393,-0.0035849311132910545,-0.003723511864160082,-0.0033083504907752428,-0.002364116037924614,-0.0032586731691626007
2018-10-30,0.004034629358409351,0.0075779070690151756,0.007032063874236912,0.007854123778678182,0.007619585985653003,0.007470400428967437,0.00782560328539712
2018-10-31,0.003016486442611842,0.0029929761517925265,0.0025256680192929414,0.0029706513264210824,0.002630992970633,0.0028071129191931227,0.002690232891941904
2018-11-01,0.005409462203345996,0.013784686429109596,0.010231970831706867,0.01140918806419853,0.010412155204658624,0.011569834437325165,0.010192614455735043
2018-11-02,-0.003330000382572912,-9.799075730589286e-06,-0.0007449833753935791,-0.0006768486949335387,-0.0008127665434449909,-0.000648529705385406,-0.0008266648609766779
2018-11-05,0.0020478388236340596,0.0030976750293493054,0.0038226500320653932,0.0037247578823368654,0.003847834638517949,0.003914668247834863,0.003787422277571591
2018-11-06,0.0019324558205530474,0.0009025301148227159,0.001716495739065052,0.0014825371613664585,0.0015159390087595846,0.002020513622211019,0.0014840410763183104
2018-11-07,0.007267347346898715,0.010572581970379583,0.009291245965342273,0.010014577953609369,0.009310663441001007,0.010524477765726169,0.009138490428076525
2018-11-08,-0.001863404109983001,-0.007718716020927859,-0.0052089708684251255,-0.005966339749415862,-0.00543068326321396,-0.005886750420325335,-0.005323850054825691
2018-11-09,-0.0025100793394744383,-0.006992231414857521,-0.005242459534553011,-0.005907137878592755,-0.005329652387442669,-0.006051445076875525,-0.005205891914985685
2018-11-12,-0.00518928485689965,-0.009942520732282856,-0.008930283745263477,-0.009579495824577506,-0.008859317919667882,-0.010068657423769072,-0.008691585060944883
2018-11-13,-0.0002118430265817916,0.002274465812084861,0.0010753089211415685,0.0013543480923713565,0.0012286682951351462,0.001293817451664186,0.0011924041713444907
2018-11-14,-0.002334035485916562,0.00014751259174169387,-0.0011257967215876437,-0.0008525345080064464,-0.0009563303446570656,-0.0012781447231664943,-0.0009409969213776965
2018-11-15,0.004533272997795184,0.006626201853189059,0.004829127688161651,0.005468503186253157,0.004992813715365184,0.005807816538362052,0.004880951270957188
2018-11-16,0.0017967404914536259,0.0020401401863554976,0.002058920371043114,0.002116333446249511,0.0021136932421345787,0.002217191505091888,0.0020913415065038302
2018-11-19,-0.00574386121268361,-0.00809834047624188,-0.005788539853084595,-0.0068023305748679905,-0.005712832022660975,-0.006974488792235984,-0.005596612767430711
2018-11-20,-0.006084769226140058,-0.013421131578427281,-0.012153618484919962,-0.012839899087817548,-0.012067426300634171,-0.013491972306638383,-0.011850702634754164
2018-11-21,0.002048382867158192,0.008300642624966572,0.006116055663653884,0.006742221599694112,0.00604468729812168,0.0070240783169969396,0.005910297241411332
2018-11-23,-0.0019520239460240876,-0.004727935569446382,-0.00363338871503724,-0.004071957544559977,-0.0036670046176477877,-0.004199404899180827,-0.003606426618546106
2018-11-26,0.004959640578901261,0.006821580477201457,0.0063722081596715215,0.006716215838575358,0.0062145600905971635,0.007398792591395718,0.006101878299775317
2018-11-27,0.0005985324317591811,-0.0011854710668180524,-0.0012637364471349143,-0.0013055842945975072,-0.0010482457122136031,-0.0012254921277417914,-0.0010399787834505
2018-11-28,0.008910690154946586,0.014694723517635531,0.011789161474501684,0.01315622706728678,0.011696391956921008,0.01333160486692768,0.0114858358018311
2018-11-29,-0.00028486692369370843,-0.002499752131305222,-0.001635983175598365,-0.0018603422201717867,-0.0015606460022164655,-0.001916409564452026,-0.0015096700732251057
2018-11-30,0.0021643627945067256,0.0016061829430776002,0.001710288526373885,0.0018533466649000231,0.0016121510249776279,0.001888019579767064,0.001580789708799659
2018-12-03,0.004811343744249466,0.006122248214900217,0.006320441807838483,0.006498350823714159,0.006356770174952947,0.007239170715712095,0.006595214987977038
2018-12-04,-0.008508887564668156,-0.015709568107400786,-0.012034200958300174,-0.01640554781648331,-0.01302089270206779,-0.016978632265089624,-0.013980880374316256
2018-12-06,0.0013019786473820868,-0.002943567726953573,-0.002441216841230321,-0.0027312497104876026,-0.002511254689988818,-0.0027242406011587133,-0.0026274870516461366
2018-12-07,-0.006558477919439667,-0.008117900404965562,-0.007628927549118477,-0.008859952775568967,-0.008067129104921685,-0.009709367755599033,-0.008540475814783111
2018-12-10,0.0008051483150041297,-0.003813162291713322,-0.0038849344163178682,-0.0037806112147041543,-0.003898505315953013,-0.004347811340088804,-0.004001511660203311
2018-12-11,0.00012410598789238758,-0.0005971650720426006,0.00039279077344323373,-0.00035066971364157196,0.0002575417955634952,-9.063240511896121e-05,0.00017102199546255238
2018-12-12,0.0012868423099054805,0.00513311421722294,0.005231127794330495,0.005353943760114466,0.005134924275864268,0.005882726492236713,0.005288862142549653
2018-12-13,-0.0005748000571118722,-0.0016484218687346803,-0.0004887607780097929,-0.001971743456438439,-0.0007679677467433484,-0.0017720537276605516,-0.000917031313682973
2018-12-14,-0.005272318321479399,-0.007847079402917276,-0.007019353294228847,-0.008236258967178355,-0.007289202773555372,-0.008774074296965596,-0.007696018978970792
2018-12-17,-0.0055862782394981705,-0.008433977887218702,-0.006623914610246749,-0.009041890249124735,-0.007308718108307188,-0.009569863440060205,-0.007873163689037933
2018-12-18,0.00191074710928141,-0.000280544246082144,0.0007472824678470684,0.0001270058478712662,0.0005457475060343412,0.00043243412573366023,0.0004492382164688645
2018-12-19,-0.0042138562902592465,-0.007371696597195472,-0.006489430578559529,-0.007946273520597081,-0.006908010998956883,-0.008662034314736316,-0.007318813334002184
2018-12-20,-0.005753686742696625,-0.005648338538096414,-0.00309262702480973,-0.005822663591458679,-0.0036928496999547823,-0.005571177715450634,-0.004156448695021969
2018-12-21,-0.007045146225309975,-0.010304819137648096,-0.00862649722426297,-0.010866349865445268,-0.008938073325586052,-0.011385424244142758,-0.009480086317900555
2018-12-24,-0.0074587660088607155,-0.010709624018730844,-0.007975055224357219,-0.011156733368857755,-0.008814185527144962,-0.011535501474889773,-0.009532946322287888
2018-12-26,0.01393739156859423,0.019903894697995177,0.015191505650694104,0.020850093874688076,0.016584182497463164,0.02156507674875558,0.017875758052758622
2018-12-27,0.003950164762080945,0.003462248235468963,0.0034238270084470043,0.0035886402862788692,0.0034831830704338132,0.004214745989814361,0.0036692670218467214
2018-12-28,0.0021185204608780944,0.0019266321731249447,0.0024851049724738455,0.002096773545249285,0.0022871034949534024,0.002330209105775723,0.002265026930871673
2018-12-31,0.004741579668833436,0.003782317329666886,0.0029236493764878335,0.003997052299689722,0.0031550195601907673,0.004182170052638476,0.003398577609206036
2019-01-02,0.0007598140764024134,0.000710014846350894,0.0007082077974693629,0.0007960318316433257,0.0004798165775314372,0.00032923199565797336,0.00047320897615142036
2019-01-03,-0.003160028867882866,-0.005738064719236529,-0.008539973513019796,-0.006928014335161473,-0.007582504026098032,-0.008198008652968637,-0.007676577391435054
2019-01-04,0.006644557036271389,0.015827383415925413,0.018534198359397305,0.0171878233283725,0.017524507445394705,0.01870190001802903,0.017885577635698105
2019-01-07,0.0014556519057187694,0.003989950653183739,0.004781788017951302,0.004307235002657065,0.004632710140969232,0.004931411656259293,0.00478810825148301
2019-01-08,0.0021968918021973453,0.0037800038286068278,0.004503611390953496,0.0042375273389818145,0.004000219012375084,0.004587394860573069,0.004087163937771426
2019-01-09,0.0018781882797343948,0.005795275074815354,0.005893758743203078,0.0058765231628677365,0.005869204873164848,0.005960885885047811,0.00583376633030562
2019-01-10,0.0004873684692463997,0.0020254008243217377,0.0025073444687853295,0.002301198886630348,0.0021408608457067534,0.0023075775736864884,0.0021178094498669553
2019-01-11,0.00109370477991751,-0.00032890801624924006,-0.00044628626962890975,-0.00039630584034705226,-0.0003768429975459065,-0.00038823972578340676,-0.00036417636555589845
2019-01-14,-0.0027200136117795726,-0.003015641289782138,-0.0033689836570344723,-0.0031854605681344837,-0.003113032070251238,-0.0032516280192167444,-0.003133439564961183
2019-01-15,0.00304977305583618,0.00334657836701626,0.00431570952325787,0.0037308130376752487,0.003970793424936489,0.004228431664338134,0.004102631912025596
2019-01-16,0.0013802977824509599,0.0032843947525459383,0.0033349156886642857,0.0034203090533661083,0.0031471811136146825,0.0030179371681120577,0.0031224203898113203
2019-01-17,0.001603859681061433,0.003284476197600389,0.0038891679656157673,0.003602440443224479,0.0036007347589460032,0.003800922621452716,0.0037301545922444894
2019-01-18,0.002912099377223861,0.005284648650858275,0.006338440267608861,0.005882207980136844,0.006026526151186784,0.006712731737454005,0.0063212274198668605
2019-01-22,-0.0030325204061705355,-0.006724789254301233,-0.007829065126675723,-0.007340130156936332,-0.007241314907778792,-0.007835765305799918,-0.007308090462366516
2019-01-23,0.0010347154908105412,0.0023605222898621515,0.0023981595848520535,0.0022956499249155737,0.0024956650625692807,0.0021306157086899927,0.002501124107369069
2019-01-24,0.001792296586113421,0.0030435597420744994,0.002830453097942389,0.0029995058181818165,0.002688026657318294,0.002378001288505939,0.002698057632002278
2019-01-25,0.002164424539196826,0.005262826190959678,0.0061056872404191675,0.005722505796203458,0.005933445494554693,0.006476782886197728,0.005986780687332211
2019-01-28,-0.002368732318266718,-0.0030179638300728093,-0.003575388250375403,-0.003148402251466891,-0.0032828573123124313,-0.0031393046715458015,-0.003330646905871767
2019-01-29,0.0015509060717100267,0.0011750717723726031,0.0007982945684006052,0.0011130666770658082,0.0009206848809423791,0.0009566811606872918,0.0009450150424015793
2019-01-30,0.005671426910931629,0.007670347570008279,0.008725741979175526,0.00802227803544976,0.008343927113744876,0.008391114040590456,0.008467491743581329
2019-01-31,0.0045415299358778785,0.0038175892929344394,0.004253601197905831,0.003892871256447035,0.003888137392851332,0.003491624257595055,0.003954281858862655
2019-02-01,-0.0011118740718739284,-0.0004819714536449765,0.00025655032682878645,-5.8492838542756684e-05,0.00019817112126862743,-2.3053831494699765e-05,0.00022408227870918926
2019-02-04,0.0012237873478304837,0.0020674905411025876,0.002383936123950791,0.0029084119534994245,0.0024356476207765838,0.0020929021432278257,0.002436507429382278
2019-02-05,0.0027242594382807083,0.0038610002377945526,0.003555517139523489,0.004003646338362872,0.0036578556435434848,0.0038579432304125254,0.003671162298234156
2019-02-06,-0.0007233880934983143,-0.0031475752939528244,-0.0025953071054070137,-0.0026672755905125744,-0.0026898427358440207,-0.0029111890656874995,-0.0026970099340810115
2019-02-07,-0.0021694217591080485,-0.0041957163390814785,-0.004733975722446998,-0.0049090679966976815,-0.004813675757032822,-0.004795237274767423,-0.0048428252239247575
2019-02-08,0.0018466339660039067,-0.0012599819264004324,-0.0012535096091047728,-0.0009217421726256674,-0.0012984759634990309,-0.001243406894631425,-0.0013148252238957304
2019-02-11,-0.00022211969137323558,-0.0012576538912118112,-0.000744871799816267,-0.00031824312916025525,-0.0007331960620800178,-0.000995693846478713,-0.0007247119146468282
2019-02-12,0.0034525027651000958,0.0063409264185264914,0.006892257874291242,0.0072254061021909365,0.006964092722390635,0.006763283146135604,0.006986332965378664
2019-02-13,-0.00046843844429266185,-0.0007004205897495654,0.0002267430764634918,0.0002329749698217746,0.00019625774773907414,-8.684444192589316e-05,0.00020757540470379992
2019-02-14,0.0006506752809037539,0.0004356543116178046,0.00015257580646297825,0.0001278842716574171,0.00016068183917908655,0.0003862293389559221,0.00015900568905311672
2019-02-15,0.0034307714705884423,0.0037392197471665936,0.005243466693307416,0.005512764026937354,0.005274707364877821,0.004912044302429759,0.00533754669054219
2019-02-19,0.0009145079379493441,0.0033243794607400643,0.0027485806640029525,0.002860044499603062,0.0028256543776979375,0.0028078664741824962,0.0028113954535928113
2019-02-20,0.0006187603902223074,0.002483404573598889,0.002369934808060288,0.002446776430191716,0.0024153940759977415,0.0022709691481179106,0.002419805934502227
2019-02-21,-0.0025289525207709013,-0.002630214499463211,-0.002516072204336668,-0.0026493950927011694,-0.002495280218756833,-0.0024134332189090788,-0.0024931136477560354
2019-02-22,0.0036248536747220707,0.005242393882099433,0.004628580475460101,0.00519893823669218,0.004685903500735571,0.004789620312763119,0.004661496594521534
2019-02-25,0.0001622931143655904,0.002316856179074877,0.0013948817585609998,0.0015122907113366512,0.001476664561616766,0.0015904029288790716,0.0014485181909423541
2019-02-26,0.0003520029439897992,-0.0010602933614375937,-0.0004847306445798371,-0.0010924447187664983,-0.0005431098899622124,-0.00016269293600073632,-0.0005089163063082141
2019-02-27,-0.0014615121667732286,-0.001868443427873692,-0.0012185720929004983,-0.001366396430323177,-0.0012664779970531191,-0.0013976582907434853,-0.001259297943497942
2019-02-28,-0.0018422075301702979,-0.0029854679784360144,-0.0025380498427260843,-0.0028226085123863073,-0.0025986975037335137,-0.002540901220348825,-0.002588509630743193
2019-03-01,0.0006240027713008166,0.0036368150471293463,0.002323884360496041,0.003295641818540712,0.0022779091352457623,0.002455680496329044,0.002159872216673979
2019-03-04,-0.0003835220321930522,-0.0018067349470457829,-0.0016666254978637655,-0.0016440607087199548,-0.0015683017912521806,-0.0017864066644071956,-0.0015267457404077127
2019-03-05,-3.408844934713989e-05,0.0007743398805441185,-0.00018715025751102636,0.0007418605509785575,-0.0001457279848373005,-0.0006436020137969923,-0.00016769026079635355
2019-03-06,-0.000987517942861981,-0.006568882795788561,-0.004063049037288546,-0.005907636227976043,-0.004025188443046277,-0.004470369218940892,-0.0038563906410347235
2019-03-07,-0.00010925976308435569,-0.007618106915932569,-0.005750219146452254,-0.007039080410471717,-0.0057315491422047105,-0.0054975868850498984,-0.005568897398540365
2019-03-08,0.0004034620213774653,-0.0019345468042841043,-0.0005075305390391124,-0.0017183268441987238,-0.0005658170285174493,-0.0005522596496457136,-0.0005066498171096184
2019-03-11,0.004079126975072302,0.011921078625729008,0.008056533346970655,0.0111010924297677,0.00809765872572332,0.007843601999356999,0.00788961088753994
2019-03-12,0.0022757003719623484,0.0022829460904505343,0.0017728318001328013,0.0021899060361072354,0.0017596864414069439,0.0016387175292814618,0.001750024135287232
2019-03-13,0.001407020165312567,0.003932587358799687,0.003603631524185215,0.003763967366485913,0.0036091829045431572,0.0034609314912917646,0.0035452367796935504
2019-03-14,-0.001308663654475048,-0.0017673360111133598,-0.0012174138276728839,-0.0015969596227842111,-0.0012071842004594412,-0.0011587380104076722,-0.0011644751641040462
2019-03-15,0.0031014747081238446,0.004793240780577385,0.003956492539156243,0.004602354010195899,0.0038719390490947565,0.0030420117780008177,0.0037790146321831797
2019-03-18,0.0008835228652926842,0.005670953580224687,0.003297645933144954,0.0052195263620989085,0.003331176438471444,0.0031010296025796545,0.0031835517871358207
2019-03-19,-0.0004527974124265841,-0.0018642621902805316,-0.0006396485607379003,-0.001585527357652477,-0.0006497876150130897,-0.0008735177247777117,-0.0005639007586663064
2019-03-20,0.00189084311638766,-0.0038182010973628867,-0.000635724320330728,-0.0032776951204210323,-0.0006618987974128354,-0.001174892237099552,-0.00045778438764401187
2019-03-21,0.003317362839428035,0.006334857439647993,0.0035910631840279585,0.005764477842617291,0.003525570753485436,0.004015845527551371,0.0033954837949931437
2019-03-22,-0.002106789156234142,-0.018496281690115562,-0.01256474012223105,-0.016914123859545334,-0.012443379155909094,-0.012511563893070947,-0.012037478674029609
2019-03-25,0.0011802042999940426,0.0007573648644630705,0.0009168000784078344,0.0006681731528966436,0.0008402318434135388,0.0007707881345539675,0.0008455392038160416
2019-03-26,0.002232244042179441,0.005419136442740101,0.0035461734241180754,0.004913122957371055,0.0033854453108681853,0.00348847947515183,0.0032242177873008657
2019-03-27,0.0002532633919361384,-0.0032272909259129768,-0.0018508754928125222,-0.003010745967023448,-0.001861242875089088,-0.0017913590213844456,-0.0018538780541950332
2019-03-28,0.0012756884062476437,0.004461778610712941,0.0025572101379480157,0.004045988117898633,0.0025916236800247175,0.0028142779754036363,0.002510882912033929
2019-03-29,0.0017345263634546916,0.005209757671199822,0.0028010386084057065,0.004849045490853317,0.0027948808002337096,0.002521829065089238,0.0026930792313455245
2019-04-01,-0.0005498366085722704,0.005837538585509788,0.007199598118511333,0.006557164366964397,0.006866909376518039,0.006406849824551689,0.006683168193205099
2019-04-02,0.0008151674415107236,6.1662902436888e-05,-0.0005177257749981764,-0.00036718938157350453,-0.0004213183204467684,-0.00029298663997265556,-0.0003822849833117324
2019-04-03,-0.0007907428779481017,0.0018977617834459253,0.001932640281981977,0.0017989483079700417,0.0018608886623422095,0.0017105617982622642,0.0018266076469759026
2019-04-04,0.0010810353959857181,0.0011733354019532773,0.00213165407151355,0.002066557152796622,0.0019592876827668327,0.001867955812634936,0.0018760264008645263
2019-04-05,0.001806989882938517,0.00279014837383379,0.0036687687153927635,0.0033702007835260837,0.003521592779450365,0.003302815011717874,0.00345710684773856
2019-04-08,-0.00012783672643804832,0.0004269717163895833,0.0003166142292770464,0.0003075651076754354,0.0003560856860478518,0.00037688207996268273,0.00039618305949340633
2019-04-09,-0.001080917812326965,-0.0026182742417819585,-0.0035874608544379178,-0.0031921166417462135,-0.0034188568175686097,-0.0028480596368495783,-0.0032955241143848985
2019-04-10,0.0026058739057198345,0.0031962165345191425,0.0038710520826788883,0.003618933670710879,0.003733755359358799,0.003172499191177091,0.0036661169474949064
2019-04-11,-0.0009158296811853314,-0.0019152863917892655,-0.0016615052252971075,-0.0018415092337837628,-0.0016429915054786137,-0.001997965113789012,-0.0016772162713072903
2019-04-12,0.00021337491826717487,0.0031238671784234893,0.003569715259199528,0.003311733167082321,0.0034174441690551353,0.0031925537501786114,0.0033278574843999837
2019-04-15,-0.0003394162337932837,-0.0005601942553455234,-0.0010188596633255774,-0.0009856242048419987,-0.0008932749332592937,-0.0008020706235721906,-0.0008463772294006508
2019-04-16,-0.0012516320895055992,0.0007740221131988501,0.0011630319044982442,0.0011907824352135445,0.0010462085175453881,0.001206974491359064,0.0009980447039378783
2019-04-17,-0.0009901980892331303,-7.794232171552494e-05,-0.0005142281481161312,-0.0002857106337553849,-0.0003973705414834595,4.9934829404746015e-05,-0.0003439171667432412
2019-04-18,0.0013431013021120131,0.0003312479116231571,8.196337411299425e-05,0.0003188335806751822,3.3550075209589196e-05,0.00010499898978946548,7.684777372773903e-06
2019-04-22,-0.0008357897791610544,-0.001063462169980229,-0.0016919084629698487,-0.001512179726295612,-0.0016287333227535288,-0.0014889033249763045,-0.0016227230536880377
2019-04-23,0.0038204925059856084,0.0033937208601972184,0.0044380213887309835,0.004018835368220823,0.004193163322394385,0.0034640464901756125,0.004051271717266056
2019-04-24,0.0014029099679685245,-0.002502238911812979,-0.0022001130025368454,-0.002149694425924985,-0.0022200258040192076,-0.002662465474092756,-0.0022499632335701717
2019-04-25,-0.0004851684735216583,-0.0010351047429669738,-0.0021305306380681372,-0.0018723267026566055,-0.0019956329140366253,-0.0015993932316122942,-0.0019111957423795355
2019-04-26,0.0028726621671871866,0.0030054437390644494,0.0036663666373828343,0.0034334898968339167,0.003518031821644361,0.003024112689972142,0.003454313116806062
2019-04-29,-0.0009483243407565101,0.0006582817985196858,0.000956752495853081,0.0006883755938771702,0.0009629584672324312,0.0007799702461718239,0.0009359115633222517
2019-04-30,0.0005010096962853695,0.0007879173469225473,0.000745894857810982,0.0006877072553408414,0.000822474712511325,0.00088668877952165,0.0008729001333875348
2019-05-01,-0.0014416327863092317,-0.0040195801154934985,-0.003606555123135904,-0.003645850618697888,-0.0034274788910074287,-0.003129948943193441,-0.0034923703293004817
2019-05-02,-0.002074750151502235,-0.0008253550318620175,-0.0011742827905036996,-0.001176255857757819,-0.0012000410261250507,-0.0010940138211354743,-0.0012117351159620178
2019-05-03,0.004021583163360298,0.007362324798387973,0.006780254681371464,0.006833324745517658,0.006417136310343087,0.006020782812018682,0.006620476428255601
2019-05-06,0.00013708137225479171,-0.0025258114549581157,-0.003412711944001167,-0.0027498056572109976,-0.003406179084819742,-0.0031508186328445317,-0.003369143290575418
2019-05-07,-0.0035604663790593486,-0.009830057504189612,-0.009189181771651714,-0.009080730001753527,-0.008671479546592274,-0.007886681014412898,-0.00891043937040479
2019-05-08,-0.000556138455140726,-0.001503624533316851,-0.0015616544555025035,-0.0014279420020553864,-0.0015365852625634697,-0.001684332704851387,-0.0015978640016106025
2019-05-09,-0.0004131925761580729,-0.0025154258902775964,-0.0026510980199255718,-0.0024380474866621004,-0.002529800723519401,-0.0023057487274512007,-0.0025507719540081592
2019-05-10,0.0013312476979101624,0.002973149879914422,0.003098074736513465,0.0029622427523173125,0.0030230688448277584,0.0028283573798328038,0.0030507602173061024
2019-05-13,-0.005292923065907285,-0.015005868076927812,-0.014362153616140029,-0.01382266340716902,-0.013589456067476195,-0.012630627173379393,-0.013988525177251205
2019-05-14,0.002945799325943409,0.005674162767904665,0.00533101490478243,0.0052627608585174256,0.004989418539329896,0.004481222160505259,0.005140386517472522
2019-05-15,0.00282305519333801,0.002190119309521647,0.0022732469261708592,0.002121577869559443,0.0021682839997409055,0.0018841148556225922,0.0021631534165656038
2019-05-16,0.0014487342784734202,0.0031883499914726944,0.0023868193795758092,0.0025807121324396085,0.0021362337852022474,0.0016107102696045418,0.00219051077152553
2019-05-17,-0.0016172001636394512,-0.005373595651360144,-0.005213537100547882,-0.00486847512154283,-0.00496283651829268,-0.0048820924392512215,-0.00507592175908875
2019-05-20,-0.0028554267349250434,-0.0026794559664827786,-0.0023450086955450196,-0.0023074657987182346,-0.0020511185938693255,-0.001407986597311622,-0.0021443528781523594
2019-05-21,0.0024545544088676466,0.005728582308001659,0.0049992976666976266,0.004966755979873914,0.0045103351861607004,0.003959624819003151,0.004730452167447799
2019-05-22,0.0002945042101570477,-0.003388691061173647,-0.0028675486036585903,-0.0030958884709639586,-0.0027087990299399602,-0.002641652565856561,-0.002855646905897718
2019-05-23,-0.001106726654789743,-0.007296047290451574,-0.006210466089969907,-0.006314987246840601,-0.00571771495058571,-0.005201718779384434,-0.0059489324901198515
2019-05-24,0.0008970468486120697,0.0025476977147828707,0.002613708105975778,0.002842786464439439,0.0027289217610453826,0.0024385699176187677,0.002710958557087713
2019-05-28,-0.0011807339345897988,-0.004551604754423055,-0.004012263405502953,-0.0043024275281925576,-0.00383243199146918,-0.0033306039873360377,-0.003991751552751471
2019-05-29,-0.001560803034860186,-0.002703558262436954,-0.0018894219799281326,-0.002372016591877201,-0.0017162143884888361,-0.0011928563216612583,-0.0018075085136355037
2019-05-30,0.0024711266581563677,0.0005171548870329958,0.0010790586104756203,0.0008020386698597748,0.0010917004337225613,0.0008435845826286273,0.0010367557646870724
2019-05-31,-2.9464187006228958e-05,-0.005199532730555054,-0.003313505001964123,-0.0038694373859174047,-0.002698549708069,-0.0018954966917279084,-0.002957588211286726
2019-06-03,0.0013566335659049695,0.0026257067917260673,0.003190276255208256,0.0024538593103743175,0.003230715250178511,0.003981651301204977,0.0033272756900425814
2019-06-04,0.0044812047759114374,0.011683151129205467,0.010425053292037568,0.01067332065893518,0.010235487820706785,0.013141349265452405,0.010622151792453132
2019-06-05,0.0013500234397903674,0.001986969851474293,0.0011241112375255423,0.0018168853786079099,0.0011237048072334545,0.0017360518725915014,0.0012047004647377931
2019-06-06,0.0011529859195364028,0.003122153586536013,0.0024819918706169043,0.003060678743430044,0.0026025851158342048,0.003323808342241341,0.002700998864592459
2019-06-07,0.004257668482597472,0.005427420263644374,0.005602068806337471,0.005819891365631146,0.005650598200203376,0.006427087841488745,0.005752874351798835
2019-06-10,-0.000728814476815575,0.0033513245901061707,0.002440216490634844,0.0024809570937492954,0.0021868333840592276,0.0023636283170357197,0.002157954160716459
2019-06-11,-0.00035829725252506557,0.001217288882434232,0.001167223279210941,0.00101687881610382,0.0010133132808850718,0.0007365712469880896,0.0009790335204813596
2019-06-12,0.0006640272809167226,-0.002530848684677873,-0.0025299727024502595,-0.002442102625751341,-0.002434508857220333,-0.0024628791510135136,-0.0024428645272746166
2019-06-13,0.0027382857714991155,0.0030257877109622043,0.0028368255942690015,0.00268468205581054,0.0027598617658659112,0.003455640231064214,0.0028335558801781476
2019-06-14,-0.0007078131016973097,-0.0030182985973535117,-0.0035616322115162836,-0.002933182136823964,-0.0034615853304664655,-0.003626890470892343,-0.00344899136718528
2019-06-17,-4.081237814061194e-05,0.00047484764920698876,0.000489630327911897,0.00041206701239095606,0.00045275668740788865,0.0002954418710838249,0.0004098559886457706
2019-06-18,0.004612110279554909,0.008833767718653256,0.008792380779355872,0.008545363703087568,0.008578688774466395,0.009364843065415563,0.008657968553101376
2019-06-19,0.003428439324591536,0.0029550499890132267,0.0036182375022035655,0.0034584823112848917,0.003664608518127262,0.003924501279675076,0.003711694070107672
2019-06-20,0.0034318717155231004,0.006875401298606084,0.006456573094854333,0.006496832518187944,0.006322334172345942,0.006930900162962592,0.006342099793028744
2019-06-21,-0.001971747631656911,-0.0014779447932354902,-0.0021202258125139614,-0.0019056763323737694,-0.0020978530486208758,-0.0022902930348977623,-0.0021992659642634353
2019-06-24,9.786287652649222e-05,-0.001647598285854742,-0.001235756140558018,-0.0009544813424858575,-0.0009501955786937302,-0.0013289725769643896,-0.0009748291646490005
2019-06-25,-0.0020488030677338624,-0.005158091923254377,-0.004582439258837636,-0.004724763842300775,-0.004407494976961839,-0.004791023178404716,-0.004408869198513784
2019-06-26,-0.0021624443138519344,0.0006819001742953735,0.0004223666761105176,0.00037121598287415234,0.0003212393839136978,-9.359884696699949e-05,0.0002532234785127058
2019-06-27,0.003532934868206314,0.003958939280792899,0.004333770658706594,0.003640361027592527,0.004131423253656549,0.004858635599011525,0.004208534584072081
2019-06-28,0.0012651143517744697,0.0038053820199833895,0.0038684550388057098,0.0035671102736784966,0.0037920114742136545,0.004944731647312428,0.003959533991679842
2019-07-01,0.0022092115129558284,0.0034080524539705395,0.0038304756291005887,0.0033849973633352038,0.0038217381539862854,0.0032421554604969696,0.003793525199444463
2019-07-02,0.0019173999097150402,0.001348143246865105,0.0007020359848300808,0.0012574853786617175,0.0006403244138237043,0.0008668672971667162,0.0007141035359433358
2019-07-03,0.002976230258186755,0.0034149410291505564,0.0037227429122019618,0.00355816108439569,0.0035416541089761163,0.0030796621436908252,0.0035408616026348758
2019-07-05,-0.0033868712454773304,-0.002804573587732724,-0.0023770037803591357,-0.0025963885402910387,-0.002440111399201056,-0.0023856520330851564,-0.0024460173290427397
2019-07-08,-0.0016529674525990203,-0.003002193646187666,-0.0037733151231496313,-0.003429013081768314,-0.003696991819917103,-0.0029561499384308113,-0.003628245626507187
2019-07-09,0.00018973718081382495,-0.0006090237058515404,-0.0007508049267019087,-0.0006066510850175012,-0.0007914642984363871,-0.0006226673615720714,-0.0007497908003256578
2019-07-10,0.001494747676512811,0.0021314881820440577,0.0021830358560898473,0.0021971873264060955,0.0022095553197091413,0.0018927050330042833,0.0021876642637281953
2019-07-11,-0.0025254089246825734,-0.00020967049749752052,-0.0004812064670383133,-0.00019478615410653918,-0.0005185150484339929,-0.0005307474007069539,-0.0004882168992083811
2019-07-12,0.002010580853065082,0.0025261184850331056,0.003045038137872833,0.0027269226640154417,0.0029073428531950917,0.002433415085544902,0.0028766512226027843
2019-07-15,0.0009666539215068007,0.00041626001176326365,8.462749335461886e-05,0.00022375918503886056,0.0001639760651251929,0.00029683243416392375,0.0001798592500020855
2019-07-16,-0.0014135206527128115,-0.0016579255533975615,-0.0014953913923381628,-0.0017447802012430522,-0.0014766837971376008,-0.0013511557028124959,-0.0014924791011144034
2019-07-17,0.0004971568202665232,-0.001478225055612535,-0.0022560400726395684,-0.0017405336270174196,-0.0021113958142793413,-0.0015044954841067105,-0.0020765247187193646
2019-07-18,0.002093556045762805,0.0029344066670313933,0.0032217708317241796,0.0031711935765253024,0.003246395056021189,0.0027381973332503435,0.0032039574290586913
2019-07-19,-0.002208376446972891,-0.0026591221647191644,-0.0030778541305075237,-0.002914776501272443,-0.0030548081344595637,-0.002558010200354955,-0.0030268315740530874
2019-07-22,0.0015253056808637443,0.0009589599519248372,0.00045871568589400154,0.0006719225687510375,0.00036842322996007094,0.0006088562577987828,0.0004267253117352268
2019-07-23,0.000794758660567584,0.0026823649344958804,0.0032443967209005776,0.0028120507912104747,0.003027935780425344,0.00247446875923099,0.0030018633324768837
2019-07-24,0.002520440550689996,0.002886189022014382,0.004120707084169511,0.0033973575581190125,0.004005311970671194,0.003164009477961492,0.003911907130712119
2019-07-25,-0.0023966227882301953,-0.00293696926119488,-0.0038440290872827814,-0.0032923568669681966,-0.0037563138298264383,-0.002997013870250505,-0.003684272609038426
2019-07-26,0.001795585244818617,0.0015959847961328599,0.002139184270253792,0.0018268516759689948,0.001962542071298374,0.0015931974387521312,0.001972102021374794
2019-07-29,-0.00020535945005945407,-0.0005045788046173569,-0.0008231281580303325,-0.0006704928498930708,-0.0007785028545192064,-0.0005715932342764803,-0.0007588329331334001
2019-07-30,-0.00030028503666579124,-0.0015182810073092502,-0.0010683657217560162,-0.0014023436729375504,-0.001154212895987436,-0.0010953265124256763,-0.0011851209572494982
2019-07-31,-0.002169164397675509,-0.004777546681723718,-0.005628798338313668,-0.005360789631430494,-0.005537806491428807,-0.0045044011082429475,-0.005480144517938539
2019-08-01,0.0038603029319343373,-0.0033266434355000395,-0.004326829571692569,-0.0032704224034846526,-0.004123551613554666,-0.00473453171122688,-0.004018278240530776
2019-08-02,-0.0015996325205752653,-0.00450834106583912,-0.0046222939508484585,-0.0043371210337261315,-0.004589889946545477,-0.004915484683816163,-0.004534300212676124
2019-08-05,-0.0036043145126265007,-0.014040493809938893,-0.014373677940428108,-0.014020806340331104,-0.014117235733066138,-0.015483504830112663,-0.013964860568581008
2019-08-06,0.005094531985598004,0.007385121089410533,0.006961514840375359,0.006972791723954427,0.006819435014985862,0.007156753855141243,0.006758447678528391
2019-08-07,-0.00010949960437511429,0.0010702023558575924,0.0015556370827496061,0.0011875217094955367,0.0015261116905709627,0.001642748838185121,0.0015427969529863326
2019-08-08,0.005174184435961431,0.009090183318893622,0.008426682923522926,0.008906177753255213,0.008286430249211475,0.008934062509544542,0.008214983747346926
2019-08-09,-0.0026616452632518455,-0.004365192047510019,-0.004597239768356043,-0.004332012560052254,-0.004553006080400937,-0.004897012415809065,-0.004486569370826882
2019-08-12,-0.00017381514499526267,-0.006238599102170114,-0.006397007618554477,-0.0063427631670212314,-0.0062099353564619994,-0.006792499120489222,-0.00621097784063217
2019-08-13,0.002204722075321554,0.00631671124361527,0.005611038140748049,0.005769343267394346,0.005602949774246408,0.006035350643436659,0.005519471806594777
2019-08-14,-0.004317631644584723,-0.015043986493289063,-0.014457840578677036,-0.014331649362719523,-0.01441468214979074,-0.015533492705298541,-0.014233775708189558
2019-08-15,0.0039572939346036486,0.002315748156102255,0.00223546338651874,0.00212698579447376,0.0022172468639319355,0.002119186279598329,0.0021979286686807198
2019-08-16,0.0029450278554062487,0.008041593375517778,0.007685904234331799,0.00803269056937793,0.007565403234621335,0.00826888647523534,0.007495316395074098
2019-08-19,0.0006967131907123269,0.004403789756849982,0.0034057333045013315,0.003974423372355958,0.0034373045984566735,0.00384326575030233,0.003383773461784396
2019-08-20,0.00031857862397039784,-0.0027093865646848833,-0.0018287701828130372,-0.0025841019916557286,-0.001822266365550845,-0.0021251967538925684,-0.0018174806488363035
2019-08-21,0.0015726676476791894,0.0037318464380024525,0.003652703588771375,0.0037512388289282746,0.0036313044055372324,0.004050538084638818,0.003601364144876576
2019-08-22,-0.002204577551996985,-0.0007823894591659556,-0.0014699576254016053,-0.0007917241352664049,-0.001452821387530958,-0.0015134519095376853,-0.0013999254485761192
2019-08-23,-0.002726797907910086,-0.010943027590378844,-0.009493410142719328,-0.010317854370612185,-0.009380798208917792,-0.010294571182948919,-0.00927046585245051
2019-08-26,0.001991526693173286,0.0041213031824368414,0.0036456823351137006,0.004047284866915734,0.0036557717379175725,0.0040646715875329795,0.003598096361111595
2019-08-27,0.001363496527758011,-0.0014720494388978187,-0.0013227084609116638,-0.0015149911830225798,-0.001277149387602655,-0.0015798150738283666,-0.0012578811378751212
2019-08-28,0.0017186545514065584,0.003467700431256047,0.002965884549635007,0.0033285639316722087,0.0028655375404974173,0.003072515682275535,0.0028335206934489224
2019-08-29,0.0026101952945998177,0.006762289058952153,0.006477226793771751,0.00655151115067415,0.006371867581007461,0.006882879619655198,0.006302186236580775
2019-08-30,0.0006188490363340246,0.0005483432986449715,0.0010421065153856316,0.0008745151609947151,0.0010284807145898012,0.0012643798074034737,0.001008080523947815
2019-09-03,-0.0015376990093884815,-0.005768432211644148,-0.0033275795889912904,-0.0052779847584761685,-0.0034096914629715633,-0.0027238112462362987,-0.0033036273491177867
2019-09-04,0.003622422297613289,0.009764897637364416,0.007748109598596969,0.009464382859160597,0.007863719056369527,0.006797381026984726,0.007711614927118993
2019-09-05,-0.0006211463682349577,0.009500517862354034,0.004627599206294365,0.0087099388497673,0.004917392799122011,0.00369226931153158,0.0046669742849366385
2019-09-06,0.0008833793769319514,0.000976765118544548,0.001465847721301068,0.0009950242059610032,0.001402995205155723,0.0013602245585341275,0.0014356552070376959
2019-09-09,-0.0032282862804228025,0.005135749346697427,0.0014365363136841873,0.004347492034573391,0.0014893072181831175,0.0007171406591961166,0.0013353997858678674
2019-09-10,-0.00406560209464563,0.00316897937030571,0.00019852684251957752,0.002608471651960647,0.00030597205808431205,-0.00035975465144415827,0.00016232885263096897
2019-09-11,0.0018423353087296057,0.007351110191435629,0.004502529081371155,0.006895428151857038,0.00467259387069428,0.0037641532874596573,0.004502005914922299
2019-09-12,-0.0006328395178002268,0.0013604991003343643,0.0014056103619270858,0.0013711820369084146,0.001416256176490081,0.0011939545734151774,0.0013944467444764888
2019-09-13,-0.00493367094015852,0.0013485467794772637,-0.0005447921658533923,0.0007494795736470409,-0.0005806599466946341,-0.0009030612697973399,-0.0006246525090314895
2019-09-16,0.0017062727658686341,-0.001977805877204983,-0.0010797558796537211,-0.0016473240712815058,-0.0011162739194225384,-0.0008490119384423848,-0.0010857169856437524
2019-09-17,0.0017101038598705321,0.0002592289533705884,0.0010206632780506196,0.0004632164347317808,0.0010712521198158304,0.0011024931334884104,0.0010914184793593112
2019-09-18,0.0008877253510464971,-0.0015564093325078764,-0.0011742429890248631,-0.0014637438058966805,-0.0011109051102449665,-0.0008483853607059827,-0.001078271871751483
2019-09-19,0.0009975761037206948,-0.001848240174044829,-0.00027853656133065504,-0.0014045460665356399,-0.0002415561201755134,-0.00022299066123834756,-0.00020209404483149604
2019-09-20,0.001973461269302054,-0.0020404505579323133,-0.000297536891747002,-0.0017359359999184717,-0.00040665031405725974,-7.585256282829911e-05,-0.00034502688941310037
2019-09-23,0.0004545262999001876,0.0009000361346438244,0.0003509450928096756,0.0008015850618272348,0.00035073876235177,0.0003939425668273802,0.00032288163031212114
2019-09-24,0.0002228852856741466,-0.006297227294737862,-0.004126403876873904,-0.006145468821052878,-0.004282567420198303,-0.0035170310618890402,-0.004085116603660101
2019-09-25,-0.0019698054364741605,0.0034947929433909075,0.0005521471100083848,0.0031518041915236665,0.0007607675415367647,0.00022616234021983887,0.0005772702811445155
2019-09-26,0.0007025916900080726,-0.0026266805505417335,-0.0008838167731276702,-0.002269400571156151,-0.0009026702079699589,-0.0006320053518587074,-0.0008488281328019409
2019-09-27,-0.0002638364714041396,-0.004314449473532751,-0.0030343346415151193,-0.004066988526877318,-0.0030624484375793054,-0.0025987478612787803,-0.0029696402585993866
2019-09-30,0.0011813527849879259,0.0030384080022750185,0.0020702265200267353,0.0029689365894083088,0.0021890558387875647,0.0018964273168242767,0.002118647570962597
2019-10-01,-0.0014237854441556594,-0.005405488543344031,-0.006554180132972291,-0.006289025476385133,-0.006658194736899071,-0.006028086081919476,-0.0064788056522508885
2019-10-02,-0.002986257140466326,-0.006538416656860047,-0.007013336426043869,-0.007606383212722598,-0.007293316889405133,-0.007138041211514451,-0.007070119463884174
2019-10-03,0.004809000623716916,0.00496904084754926,0.0051831373270480735,0.005284549663045781,0.005128432069264727,0.004986123143945957,0.0051723644754814255
2019-10-04,0.004084845151850196,0.006305561256895658,0.006283718891471248,0.006640744950286543,0.00636606320069103,0.0064319562939196455,0.006335661896353522
2019-10-07,-0.002988878274567476,-0.0031312066520520817,-0.003490835940219911,-0.0032341097966466473,-0.0034262977923373503,-0.0032085116584566068,-0.0034689618207073758
2019-10-08,-0.0032464070381911726,-0.005895426460692403,-0.007023894190001455,-0.006859078182679924,-0.007035425603707745,-0.006440579541484338,-0.006850362482301902
2019-10-09,0.0015921680656706572,0.003393031045200525,0.0038101771472804956,0.00399117814374687,0.0038160311767856904,0.0035651761667319344,0.003743434438978067
2019-10-10,-0.0012890321784869642,0.00253509134568117,0.0034939860770953914,0.003336097993945951,0.0034688525036783704,0.0029485989963467284,0.00336345616019805
2019-10-11,-0.00021853337888339767,0.005191790815942931,0.006975440109477399,0.006581183764581408,0.007137993277634128,0.006153794356259014,0.006893581591638173
2019-10-14,0.0011155599651190033,-0.0004038294610566083,-0.0008346181975544888,-0.0007090132952199959,-0.0008851734860617086,-0.0006182290562330797,-0.0008243608136876484
2019-10-15,-0.0004189155330517648,0.0037740316342843305,0.004386879645741854,0.004600888426547658,0.00451410765418145,0.004132436009647599,0.004387421191216716
2019-10-16,0.0009880285680293885,0.0001999269123289933,0.000506664831080611,0.00023879358651148088,0.00046278445174827913,0.00030742803655502983,0.0004783794858827826
2019-10-17,0.0005103767025485558,0.00201459120621673,0.0028081990898191074,0.0024207566294698543,0.0028268737263981345,0.0023779998419696294,0.002766527626252557
2019-10-18,-0.00031878202498639846,-0.0002709285044147087,-0.0004886661359460873,-0.000492416621363885,-0.0004336428888779229,-0.00017517925494156073,-0.0003973729542032561
2019-10-21,-0.0007254212609024509,0.0017993068187838312,0.002858439659342902,0.0025924736247823423,0.0028708947472507232,0.002279771652959256,0.0027080539573655898
2019-10-22,0.0005246985309758545,0.0005536233319770937,0.0005233933027737281,0.0003320898004940547,0.0005571588969301623,0.0006910714596952562,0.0006032744653930917
2019-10-23,0.0010688570437584854,0.0012827990127966947,0.0013357177336425865,0.0014084132869163634,0.0014386873534701114,0.001378861739766891,0.0013988156039572283
2019-10-24,0.0008087029323246572,0.0005773940443133218,0.0003423258274492652,0.0005729160829775106,0.0002914960562682377,0.0003625218356094709,0.00031317840013568164
2019-10-25,-0.00023969269307630458,0.0011398545658110098,0.001697497160937594,0.0014359744380259025,0.0016504419357985078,0.0013375558766305809,0.0015695017753667132
2019-10-28,-0.00034553053195121954,0.0015479981140234902,0.0024526601467715426,0.0022188016196066844,0.0024206264158616623,0.0018163871559097496,0.0023177211137804473
2019-10-29,2.7188172030810053e-05,-0.0007414221117552218,-0.0005334187136452105,-0.0006492073324462022,-0.00047343211316808425,-0.0005634510448988368,-0.0005290839597624483
2019-10-30,0.002749136992529268,0.0016307444438626894,0.0013473634726976253,0.0016481845159580944,0.0013469802886737225,0.0014763974407686863,0.0013997559684744434
2019-10-31,0.0022921996688633904,0.0005359484954282584,-0.0007932396321152607,-0.00013763105871331935,-0.0007283101011287316,0.00017146654470913639,-0.0005422923296396044
2019-11-01,0.00257210256550593,0.007603794839741793,0.00709337822111477,0.007035012431263182,0.0069859830210075614,0.006556690297652297,0.006806504780909539
2019-11-04,-0.0011269367652706574,0.0024404949046405574,0.002807329397726338,0.002330037454708731,0.0026351263700752216,0.002140694355172383,0.0025107743580262843
2019-11-05,-0.0031040075491316063,-0.0011654080849059362,-0.0010967930921916445,-0.0012291742212734978,-0.0010856307542705512,-0.001479979861478136,-0.0011246917722256807
2019-11-06,0.00108229827171093,-0.0007293868983849995,-0.0006618661108421069,-0.0006547465038672926,-0.0006485745537714342,-0.0005241242319807684,-0.0006009838222824194
2019-11-07,-0.002928623324597628,0.0006811534708903615,0.000808171375015641,0.0008651622073041591,0.0008108478186077963,0.0005265622524612368,0.0007578176439955752
2019-11-08,0.00020032827095087935,-0.001104074499995677,-4.785557772357812e-05,-0.0006391737033533205,-0.0002470273388239124,-9.594298627753106e-05,-0.00023163320325149788
2019-11-11,-0.00029519135721877766,-0.001476333240836319,-0.0011218931715952917,-0.0012345981308876741,-0.0011673705476358694,-0.0010616286446375762,-0.0011435035602057745
2019-11-12,0.0012160914269294194,-0.0014013956083488096,-0.0007918119192286651,-0.0010019209267462784,-0.0009736775435119861,-0.0008769503328193231,-0.0009272720016441605
2019-11-13,0.0014909091785380464,-0.001512890795345722,-0.0010623774975169963,-0.0012625317608311345,-0.001134418993270499,-0.0009437591873475062,-0.001078969915155826
2019-11-14,0.0024489490964873296,0.001493756618795579,0.0013786626562005064,0.0013312375895529333,0.001341913857854616,0.001497013077349894,0.0013483468990498583
2019-11-15,0.0012646955522436043,0.0037222867573646337,0.0033666605612931114,0.0036665968951486087,0.0033274766701200907,0.0032225751000373773,0.003263794947034623
2019-11-18,0.001581330097765942,6.953466645400668e-05,-7.555295991805644e-05,9.13861395753885e-05,-0.00011080492192680561,-0.00014127785213255704,-0.00010410975818835532
2019-11-19,0.0006233595902532242,0.0010337526507200997,-0.0001873643663219736,0.0005911820719493881,2.2411999406994404e-05,6.740082151477766e-05,1.885871295441389e-05
2019-11-20,0.001173581981881576,-0.002309740776012599,-0.0022556315129233706,-0.0023693532790675202,-0.002187633664606686,-0.0019630444321266545,-0.0020895982284833015
2019-11-21,-0.0016613107628629298,-0.0016607894300525506,-0.0014777650954020298,-0.001508893895549728,-0.0013709042487680392,-0.001318650370252411,-0.0013293695190975227
2019-11-22,0.0009034571493573612,0.0007436094610496687,0.0012658895724166912,0.000888641511317755,0.0011034991744934687,0.0011095526208547586,0.0010898856983860982
2019-11-25,0.0028498693007448016,0.005537789529719824,0.00487853079853076,0.005065034696658868,0.0047240023245487695,0.004349686245065444,0.0046015507216594365
2019-11-26,0.0015733250720272047,0.0007585422249385772,0.0008947547526791561,0.0008686321863767346,0.0008454317997915461,0.0010171198149789534,0.0008472079434429121
2019-11-27,8.215984298618959e-05,0.0016235878828203486,0.0015780711574669513,0.0015560399656789291,0.0014738223455266447,0.0012604932390276906,0.0014245588250490042
2019-11-29,-0.0019528916191190817,-0.004474819809947397,-0.0036321122930266917,-0.003931534858976409,-0.0036366986654790875,-0.003325091288948587,-0.003557060439206767
2019-12-02,-0.0029038184007035756,-0.0039504076718132755,-0.0031511199928889186,-0.0035558368215576246,-0.0033572739209932418,-0.003595253660691739,-0.003291298052562624
2019-12-03,0.002164954329498812,-0.002106649971656064,-0.0018047522229284712,-0.0016289550014603788,-0.0020319270262573906,-0.0023699157832657615,-0.002000053788288941
2019-12-04,0.00016456583802613328,0.004963693146771447,0.004120337960044687,0.00408940672435897,0.004230550068748305,0.004310243610243113,0.004175731444690685
2019-12-05,-0.0005628991799301985,0.001156252842508267,0.001065423692895257,0.0009681287659033375,0.001066679356582105,0.000915747404013176,0.0010524370987570835
2019-12-06,0.0009107653467653406,0.005080368454953817,0.0041370460302516815,0.004331197036358229,0.004378553006443143,0.004703878034049241,0.004304789922813693
2019-12-09,-0.0003079442356376241,-0.0013255724659543638,-0.0014108560949705324,-0.0013296059774716789,-0.0014804103308173832,-0.0016855933963212597,-0.0014788336976062797
2019-12-10,-0.0004731528872631239,0.0004412225933228964,0.00041578531544616827,0.00021706601981403808,0.0003369155231063949,0.00023979964418034883,0.000335663694917921
2019-12-11,0.002600793627460868,0.004790184949250831,0.004273668953552199,0.004252853740827803,0.00416412534313035,0.0038108868929157763,0.004132054131947598
2019-12-12,-0.0014365555236153563,0.005199848278906816,0.004547475699073504,0.004096007632564249,0.004695685951194083,0.004821039092955566,0.00463724589183845
2019-12-13,0.0030981080496954123,0.0007014643475029587,0.0003368989429786194,0.0012641049948671646,0.00040758979940717986,0.0004236238154877094,0.00043753524090226316
2019-12-16,7.897446236535205e-05,0.004864799121972221,0.004144781371658335,0.003984893549996315,0.00425038973785399,0.004436840998240937,0.004208663177960258
2019-12-17,0.0001523748673720754,0.002196234041366695,0.0020863569932287394,0.0015616181025893358,0.0019514429359417692,0.0015898681446748703,0.001893838308889765
2019-12-18,-0.0014139871081412338,0.0003026018756064728,-8.062623729602526e-05,-7.933232915408153e-05,-5.3538428486710524e-05,-0.0003452328784193327,-7.671305856759105e-05
2019-12-19,0.0018229339620279713,0.00044321111815209466,0.0008807120457323579,0.0008080473302502853,0.0009780952386014919,0.0012321456125120635,0.0009567870193126016
2019-12-20,0.0013022493156121424,0.002174630386393464,0.0018639918578481859,0.002003272208171113,0.0019892435351785503,0.0021393935499658214,0.0019569829008842608
2019-12-23,-0.0004133255459883601,0.0002933669929177253,7.998921419702083e-05,0.00025450112005025253,0.00012168487320295677,8.937698429730079e-05,0.0001309230540487568
2019-12-24,0.0010147361827424796,6.989909056978182e-06,-0.00013121844465442044,0.00010336664006623965,-0.00011238606764350646,-0.00018003000587823935,-0.00011817036922549855
2019-12-26,0.0017830549489346414,0.002939429289669339,0.002733392539413006,0.002723822032940996,0.00276876677856433,0.0027356242075594326,0.0027429066232276546
2019-12-27,0.000824603998733962,0.0015739252694205504,0.0015638415109333046,0.0013426456946756871,0.0013993438076468452,0.0013106156421172199,0.0014051824979619903
2019-12-30,-0.0012282330310075232,-0.002925658110598161,-0.0024600598938592224,-0.002688224149303706,-0.002565966222005648,-0.002683085856557808,-0.0025598103291111654
2019-12-31,-0.001188953639538996,0.002042564111033287,0.0016333349702239621,0.0015014780428544794,0.001657278651906706,0.0017395473561775143,0.0016406736675745226
2020-01-02,0.004045291782592792,0.0046515809227824405,0.004369794198091831,0.00472066216629438,0.004170166220294468,0.004998305528406088,0.004269542069173873
2020-01-03,0.0007757997724233557,-0.004784641217938532,-0.004403621340115604,-0.004733423481425792,-0.0044148295397784774,-0.005095156666462276,-0.004423407568880316
2020-01-06,0.00017950401631939747,0.0005504530190311913,0.00025629115080627704,0.0005019708610868862,0.00037499523224285704,0.00042131115049132487,0.00030592460491655506
2020-01-07,-0.0013660008896587608,-0.0015083597365220351,-0.0016659377122886171,-0.0014675413648776781,-0.001582549170887046,-0.0012755906852815972,-0.0016393644054299166
2020-01-08,0.0002580959301450252,0.001668164973889687,0.0014647035125209332,0.0017413800485506347,0.0014438979640207963,0.0017739307547030435,0.0015040446840114303
2020-01-09,0.0022649276127447828,0.0020562661618823454,0.0018028532267145888,0.002058994992679256,0.0018057259907450036,0.0020506519728648895,0.0018328805921528416
2020-01-10,0.0006242964055714319,-0.0008648692139418331,-0.0007245197192025521,-0.0008192619283658828,-0.0008751218930962488,-0.0007339398100729762,-0.0008114847895881279
2020-01-13,0.0011059483133614217,0.0034494385169493405,0.003757550024596092,0.003576508744055763,0.0035923183402415825,0.004061102155187533,0.0037534311112413245
2020-01-14,0.0005552596568968701,-0.00010188019326307497,-5.269285219550483e-05,-0.00015947544050387737,2.874049038930089e-05,-0.00021749894386899552,-4.733594916852147e-06
2020-01-15,0.0017263013023521867,0.001245935090664388,0.0011147244738187612,0.0011518673904319372,0.0011559288397701185,0.000693588055345566,0.0011489736418901606
2020-01-16,0.001984441312868663,0.0034407523266141485,0.003683148384462306,0.003547721598223903,0.0036588889669752185,0.0038556435257861505,0.003791337772752412
2020-01-17,-0.000304627836278062,0.0010164149603871632,0.0007638139696896193,0.0010297158140455834,0.0007296839019773924,0.0010464285209184235,0.0007372839190026296
2020-01-21,0.0016807634314108684,-0.0036262240159062953,-0.004023382313960912,-0.0037331028662532907,-0.003752570574256812,-0.004600333317766604,-0.003950912719817932
2020-01-22,0.0005442612624521938,0.0012398969331805895,0.0010504881121102408,0.0011680178899555827,0.0010160167885242119,0.0011606274383428239,0.001030934268532405
2020-01-23,0.0012772567627007353,-0.0015344249748841803,-0.001367542993322056,-0.0014631177272525706,-0.0012657938904686258,-0.0014061834358698178,-0.0012659708009529094
2020-01-24,-0.0007760998648049995,-0.004146223817424392,-0.004409223306993964,-0.004296618357132667,-0.0042379310622556576,-0.004385877780074854,-0.004453635376816135
2020-01-27,-0.001116121053297329,-0.009440327836902846,-0.009432707890077862,-0.00946796864035996,-0.009240683554939753,-0.010266938768892864,-0.009427384564128869
2020-01-28,0.0015644803632341327,0.004535378553346842,0.004440153251482507,0.004586783018488954,0.004480739605057701,0.004827922184937696,0.004534016287472105
2020-01-29,0.001598404416731688,0.0004167124779655083,0.00027902245995882783,0.00041065369543170693,0.0002696169873163146,0.00041744047504904946,0.0002073940687221305
2020-01-30,0.000624956139761268,-0.00033402005077345275,-0.00048593111609594595,-0.0003631077915269583,-0.0003475927658583401,-0.0008906941548485034,-0.0003979115175270223
2020-01-31,-0.0018054040612004007,-0.007713485734165549,-0.007757355362356757,-0.007773455583655718,-0.007702584096209301,-0.008342402329392186,-0.007927739323880087
2020-02-03,0.0016660248638234354,0.00314811208610486,0.0030005279913936805,0.0031714542163661093,0.0025714615806539413,0.002515605760352138,0.002610836395414135
2020-02-04,0.0008362078411485421,0.007854571071756973,0.0073837721612831884,0.007447429521048049,0.007011556547050663,0.006171966200924523,0.007201097794404503
2020-02-05,0.0009795730053685319,0.004690170890502436,0.005989016458266628,0.005701659024115869,0.005020170026896592,0.005334036333019156,0.005412399885323584
2020-02-06,0.0010863188033953981,0.00043994662508891046,0.0002958817439837882,0.0002902151880548057,0.00027724171519957264,0.00017577427647348824,0.0002641098481723568
2020-02-07,0.0010203486331302456,-0.0042045281643008,-0.0038879553964929607,-0.003980129375325526,-0.003677120064440589,-0.0029070230996322095,-0.003751629406526292
2020-02-10,0.0024918186145536795,0.0023070093181322355,0.0023072643174254924,0.0022718452065899203,0.002024239481690587,0.001955402734282609,0.0020229987492078423
2020-02-11,-0.0003549059248762255,0.0032339114603697327,0.0031512177441562657,0.0030277228801616892,0.003047296739649686,0.0023312316820386634,0.00309330494158866
2020-02-12,0.0005463652555554283,0.0029752406641064405,0.0032281586021264005,0.0030100836616885206,0.0029678975254923364,0.0025440154890201457,0.00301280692274409
2020-02-13,0.00045958971995187616,-0.002040417195579433,-0.001595347321787914,-0.0014633994733013,-0.0018196533855260057,-0.0010072519097423095,-0.0018080631181203542
2020-02-14,0.00117806286495734,0.00013888227267744936,0.0002115287158040488,0.00021761674826313153,0.00020734256750643308,0.0002224816698686543,0.0001915716158517529
2020-02-18,0.0005187668099788838,-0.0024722040625145296,-0.0022374277116247454,-0.00237097801028132,-0.002227637752289795,-0.0019852110505211035,-0.002358730606369675
2020-02-19,0.0009017412043432608,0.0021956892975821952,0.0022814363954007126,0.002133293179868757,0.0021387642151229984,0.0018044260760271091,0.002163395179614882
2020-02-20,0.0011189744129917955,-0.0019217424657202347,-0.0013777478694234886,-0.001268278689404648,-0.0015983769313815054,-0.0008235135341299434,-0.001555105240454779
2020-02-21,-0.0006656442852073399,-0.002510248605072901,-0.002548506211594714,-0.0027951146299078217,-0.0018934482671726848,-0.0021547486324172797,-0.0019683527800467794
2020-02-24,-0.004651969851302682,-0.018054078233934578,-0.01747072924445385,-0.01774676097034298,-0.01649110286203685,-0.014903178287689785,-0.017081404741691824
2020-02-25,-0.005301332818710883,-0.01226990287156341,-0.013907739560477344,-0.014137437664111567,-0.012046669306945573,-0.012838274949493658,-0.012781608829304653
2020-02-26,-0.0020165546775314652,-0.0023069453726703767,-0.0033831859480735957,-0.003437222182447553,-0.002599906326985093,-0.0034535628329712582,-0.0028952560651876033
2020-02-27,-0.009412170249168194,-0.018828215754204552,-0.020472088202590697,-0.020425939285802885,-0.018301714579794258,-0.018345093097007832,-0.019209256252890237
2020-02-28,0.004294424512251086,-0.0031620515945083743,-0.004046233394021859,-0.0042557816343985495,-0.0034803623189492644,-0.003813045166495597,-0.003848456897501818
2020-03-02,0.007959056043607247,0.013577350281949823,0.014936866171832267,0.015777814186739635,0.01559519296794276,0.020035996322739072,0.01657167895666902
2020-03-03,0.00032521183027250326,-0.004021533215968804,-0.00460330184970398,-0.005322019271906057,-0.005150373943909322,-0.007928964828911495,-0.0059769182998787775
2020-03-04,0.007336994724668156,0.014268539957616285,0.015101615643637503,0.015756037625245536,0.015280119984113638,0.02031359839009554,0.016321748315107514
2020-03-05,-0.004161067654011785,-0.013248913263577619,-0.014286747809532001,-0.014469140653357285,-0.014108971714615531,-0.018531947231975442,-0.014986526453998414
2020-03-06,0.0021906868371576785,-0.007728314064115824,-0.007717769191021934,-0.008201769205835823,-0.00746135494096097,-0.010127442024408406,-0.008059568018668757
2020-03-09,-0.016998309001965153,-0.048331410126799465,-0.05140185847569445,-0.05101090308257976,-0.049621793122541946,-0.061171869329113476,-0.05123718098535008
2020-03-10,0.0008225165146318845,0.01971797781688169,0.019673092389036938,0.020658230300924237,0.018579250594801186,0.025106315297609934,0.01998536045949172
2020-03-11,-0.021501682714511097,-0.03206568885131067,-0.03473841293070126,-0.03396492795588332,-0.03449105499030121,-0.042537395394256834,-0.03540844646366674
2020-03-12,-0.051400791115640186,-0.05761004662441761,-0.06183351030366194,-0.05998167681259493,-0.061210737647968624,-0.07857905797636679,-0.0632872566580461
2020-03-13,0.030697771817214656,0.040265946348718315,0.04215221966721831,0.043043126002972124,0.04214870664441008,0.054115689697544586,0.044255313718363595
2020-03-16,-0.009261311420247428,-0.05915115994813726,-0.0631104682467476,-0.06277030320313869,-0.062006177443549325,-0.08123467117428941,-0.06502028834700688
2020-03-17,-0.010726204121675386,0.019192781004504857,0.018643146843485166,0.020065908734533087,0.018189781896684708,0.027252213169181222,0.020122277637166265
2020-03-18,-0.04197866017364833,-0.04656030618062523,-0.05158786748321528,-0.049181088907784096,-0.050303045452912344,-0.058900464444213305,-0.05074870760344084
2020-03-19,0.019356986475371953,0.00996112975157491,0.010147380346754298,0.009043838122700815,0.008594482803718599,0.008009186707162018,0.008208392553143137
2020-03-20,-0.0001810554671946192,-0.002718805316395145,-0.004272102101280907,-0.005113824989891309,-0.005739295108218096,-0.010327728096437961,-0.007104967832370616
2020-03-23,0.01333236584642013,-0.00816150489135073,-0.00946298163651393,-0.010515903967914929,-0.010455255558599424,-0.015553690082664582,-0.011722623409888937
2020-03-24,0.025500605597725167,0.04482175016137233,0.048545279181316,0.04808272516994489,0.048498910185107325,0.06351415604139285,0.05081058746550186
2020-03-25,0.010926221025927139,0.01894508183368361,0.02061601296999333,0.01948993712760463,0.019966477557625643,0.024110152608497755,0.020160701676052765
2020-03-26,0.014526558081543042,0.026619955306865603,0.029539697195764367,0.02953022598210761,0.030317084313453636,0.03946906967965079,0.03178744274238754
2020-03-27,-0.0029351397415524443,-0.018484716254123516,-0.018023159849400353,-0.018483482535754693,-0.016573570150876744,-0.021215537315570625,-0.017394344557692697
2020-03-30,0.006799294175466506,0.010053066032321062,0.010687912912176445,0.010944242417561718,0.010772998896161616,0.014811517242732256,0.011539558678249651
2020-03-31,-0.004992115828733218,-0.0044365202200585,-0.005705252420323455,-0.005825975577137253,-0.006385746964705026,-0.007835479585961511,-0.006675255300175658
2020-04-01,-0.012943083479047223,-0.029511762400630838,-0.02778540857481837,-0.030106118431566603,-0.028217029236386845,-0.030875189675944735,-0.03029198114379418
2020-04-02,0.005799188687769393,0.012915130704531121,0.01315045139764431,0.014732283555175845,0.013404807563391682,0.014939067019174645,0.014396600996959785
2020-04-03,-0.0032654953943514727,-0.011309818937970995,-0.010863220576128456,-0.011678760442337684,-0.011096662988193048,-0.011795068312240524,-0.0119211961960036
2020-04-06,0.019399338289328077,0.03724270981699975,0.0356652310981105,0.03834827887103323,0.03640496332036096,0.03896079024139315,0.03909931228023831
2020-04-07,0.0013292126529252982,0.004441801375450935,0.0041182652884151575,0.004372854540650753,0.004141637286843553,0.004638772775890317,0.004392099252812998
2020-04-08,0.008576727702053321,0.01766847962838067,0.016134269907188158,0.01619052812122719,0.01648230684598785,0.017410170281256902,0.017900013175491572
2020-04-09,0.01383614170308125,0.020145144462708597,0.017761834178365805,0.018270820109796526,0.01774499628455276,0.019943787212631445,0.01879563747687859
2020-04-13,-0.00630304117934598,-0.007793175799961498,-0.007257518036996077,-0.0067720702934633715,-0.007307290796581051,-0.008030624260953537,-0.008001888422628466
2020-04-14,0.007176671311413463,0.012479972394041899,0.011726287494376212,0.01316591201527119,0.012007843643167008,0.012508452739077972,0.012757048977320651
2020-04-15,-0.002046648699374637,-0.018630117926653103,-0.017563270090454393,-0.0193939749166194,-0.017853663547886825,-0.020100770321196407,-0.019320495337701502
2020-04-16,0.002041165256152203,-0.0022358207413152678,-0.0014662853604877962,-0.0013656603138103036,-0.0014390641256231116,-0.0018905924002935596,-0.0015181436911576593
2020-04-17,0.0053927306269528465,0.018391649463634384,0.01727827199451341,0.017948329115138606,0.017554993049170423,0.01910484286988856,0.019019780942675257
2020-04-20,-0.0047447405900982375,-0.010901363230318784,-0.010156434715970018,-0.01049069896679349,-0.010313616186433183,-0.011168577070046102,-0.011076815595432634
2020-04-21,-0.006530073854321172,-0.014655098250707972,-0.014152731847634728,-0.016032844474697737,-0.014493844098073923,-0.015650624078126958,-0.015564751936907007
2020-04-22,0.00503950403764497,0.00804028024049187,0.008417710558045929,0.009978939516125803,0.008761962830414013,0.008825518611799477,0.009237483386517023
2020-04-23,0.0018885082524513225,0.002327765688819883,0.0017803941056558216,0.0015814688657599116,0.0017380918544500701,0.0020846968980829514,0.0018754056886794764
2020-04-24,0.002930648217812757,0.0053648670753152555,0.005107581887292694,0.005075207955256294,0.005242901281928683,0.005409984099923566,0.005717248629932902
2020-04-27,0.0003827715297666733,0.013137042401806378,0.011990713543962628,0.012531869379233129,0.012347931590536817,0.012762171701197091,0.013232771796036989
2020-04-28,0.0023616607499690133,0.004531210770242126,0.004524627222670746,0.00458243643704913,0.004498138977519483,0.005481428353177653,0.004870645484599509
2020-04-29,0.006853455907024101,0.01836839061922228,0.01689229494553064,0.019239955316734166,0.017307392144917673,0.018514491495524536,0.0183197460860832
2020-04-30,-0.004621848586310692,-0.008623034681862419,-0.00929766993787017,-0.009643423508092112,-0.009560862770492975,-0.010242798714930902,-0.010408647380790264
2020-05-01,-0.006201605011971886,-0.01187124763645709,-0.015327151758973243,-0.012969929082931852,-0.015808571015578744,-0.017794013598563873,-0.01586080403324587
2020-05-04,0.0015224233529116335,0.0006620345391911721,0.0011620269462203773,0.0011163194134088431,0.0010764424937333291,0.0012560677706450712,0.001070345520204616
2020-05-05,0.0014989025676832907,0.003436555907100957,0.0028873456868253244,0.0036206164139231454,0.00297518224416757,0.003980329231499869,0.003028478437407934
2020-05-06,-0.004354944048423097,-0.005816938976966259,-0.006805573388526058,-0.006004668654973541,-0.006956801271353447,-0.0076876473925725115,-0.00692320348146643
2020-05-07,0.005350096238811361,0.006726416439752041,0.007460377881302678,0.006976819331247939,0.007798241492555502,0.008866531778815676,0.007879223080808484
2020-05-08,0.002189077432595374,0.008903188694673731,0.012452825141652673,0.009720110036569831,0.012877969324218063,0.014646885748336693,0.01292277836821313
2020-05-11,-0.0022956094512734558,-0.0011748743570925329,-0.0030431822104944163,-0.0015028176897311915,-0.003128929812611504,-0.0030744669828748463,-0.0030706270915859903
2020-05-12,-0.002808537836065886,-0.0071766351488833525,-0.009595649148447164,-0.007322965125969033,-0.010232716323076659,-0.011508136599296205,-0.010271222231879297
2020-05-13,-0.0032743907190601208,-0.007813638370846265,-0.010151102306768918,-0.008072193941823695,-0.010642706239133305,-0.012144806579767287,-0.010629593771151222
2020-05-14,0.004817306157260894,0.003390771659487715,0.00370884619122513,0.003776607702905475,0.0037918934038792835,0.004503066011495041,0.003707072570574807
2020-05-15,0.0018220686147542816,0.0008559258616513596,0.00018365467384689923,0.0004891825676457311,0.0004302043154697681,0.0005936525934170502,0.0004514597880129399
2020-05-18,0.006366321653842942,0.019021289587491545,0.024692077384672162,0.020336154126207928,0.025493261926933755,0.0290556452781724,0.025648123609570098
2020-05-19,-0.0015404036229589807,-0.004664606192386143,-0.006061853180496306,-0.004910784829968291,-0.006351647809504492,-0.007017203578915419,-0.0063864542097201195
2020-05-20,0.006163716795947958,0.010724749969520622,0.012008280489144898,0.011212372054497502,0.012356275613904958,0.014596965925925891,0.012449173806575481
2020-05-21,-0.0007632382303180682,-0.002625555426074691,-0.002184104977733435,-0.0026929274349600987,-0.0023078738416029312,-0.002600492450011793,-0.002398038087215966
2020-05-22,0.0010330235218091116,-0.0015115041837077828,-0.002516406181755101,-0.002177882488647172,-0.002241533110313109,-0.002735623860181477,-0.0022437121324812882
2020-05-26,0.0018949266764267455,0.010624074443971824,0.014352147857011027,0.011258114232256873,0.014906742766591517,0.016730074385615135,0.015051073840859434
2020-05-27,0.004689480724850108,0.007076997676101267,0.00890676686231395,0.007212103524738354,0.00942785557126323,0.0104376605753401,0.009432542419675834
2020-05-28,-0.0013060492358622018,-0.0004258831121242211,-0.0023538556813949185,-0.0009874168984273096,-0.002453539235140515,-0.0031299871016515967,-0.0024182092788067816
2020-05-29,0.0027970653813850113,0.0027220906721964182,0.002441746379359672,0.003338920450839161,0.0020876672470273804,0.0023678345131464018,0.0020143134880979893
2020-06-01,0.0011075937275357242,0.007855432502919927,0.007309049899002868,0.008066359695601353,0.007565524493618884,0.008622853812586796,0.007658383624881407
2020-06-02,0.002380420703318776,0.006329002199793056,0.0073176522643837155,0.006468137369421955,0.00723323520821108,0.008470387400288461,0.007359772606519467
2020-06-03,0.0016444264323412295,0.010793228675372824,0.012802368483493452,0.011301211191958493,0.012353687560644984,0.014045312159270627,0.012342118479068399
2020-06-04,-0.0030253970958672685,-0.0004225647655369724,-0.00018246113298888084,-0.00035923184642957606,-0.0001191763904216886,-3.114070340567293e-05,-0.0001303135497777014
2020-06-05,0.006308360959624643,0.013121122005375591,0.015986924549417934,0.01349600236258324,0.015104040737498972,0.01690933088516138,0.015039500322717978
2020-06-08,0.003954503554139016,0.008623252997844852,0.010228577790026719,0.008855333297808935,0.009866435953919018,0.010923114118363508,0.009823452185303103
2020-06-09,-0.001093023058369887,-0.0062015875992472705,-0.00835966639965625,-0.00653636842555822,-0.007774495766530075,-0.008754552919256382,-0.007710423166309693
2020-06-10,0.001467811915109778,-0.001547455069313768,-0.006070373455977713,-0.002249869481405002,-0.005095182047237583,-0.006079476771068647,-0.004973956351779035
2020-06-11,-0.014752468565085282,-0.03215342976047919,-0.03655419393583272,-0.032792722979162754,-0.03500445143700802,-0.0385852426812609,-0.03479128489962436
2020-06-12,0.003939530589869473,0.008039131264359631,0.01070264788325656,0.008453554723566261,0.010165915703588784,0.011596018872210151,0.010173711257431429
2020-06-15,0.005002872170560153,0.0038281828837249845,0.004827933402637357,0.0038958312514774628,0.004491612407421549,0.004521758991188858,0.0043540724723167765
2020-06-16,0.0028720328477557897,0.008154203796714768,0.009006664617742442,0.008351994308310856,0.008645485823682525,0.009134751159502632,0.008453701314222187
2020-06-17,-0.0017619570604878688,-0.0016978201527363792,-0.0031371441418373723,-0.0018718550998886082,-0.002859150253142005,-0.003032536076788532,-0.0027703509741784553
2020-06-18,0.0009754435808423008,-0.0011506504738874187,-0.0009943043389039788,-0.0011986001833389982,-0.0010920606414189585,-0.0011985275385559095,-0.0010910324332134552
2020-06-19,-0.0010213722262264486,-0.0025982818452637635,-0.0029485519343057116,-0.002691250590619805,-0.002717009115015379,-0.0028830172451855015,-0.0026498298667462727
2020-06-22,0.0013843019232924179,0.005008548799897749,0.003500839212931329,0.004950221877458053,0.0038077559455095885,0.004049229172559343,0.0038192322373110273
2020-06-23,0.0007619102197240993,0.0035304275642012366,0.0029191455069058855,0.0034989986772721764,0.0031130855044763203,0.003574141149495556,0.0031834973282723264
2020-06-24,-0.006315509133208696,-0.01335621284811642,-0.015002340358752544,-0.013676927604176464,-0.014204162105403208,-0.015420212190504889,-0.014020839128144124
2020-06-25,0.0036740472310159175,0.004725875367454849,0.00546033620576868,0.004901442301709221,0.004991515485339498,0.005167008936035622,0.004843221084039228
2020-06-26,-0.004382093559261828,-0.008513264712228387,-0.010188468157234598,-0.008791565412214226,-0.009415722287420993,-0.010194906677428043,-0.009235293914388345
2020-06-29,0.0039965114500531826,0.005679559234108327,0.008402912224219699,0.006129892566739809,0.007671297317915772,0.008587169238807998,0.007564471042377417
2020-06-30,0.004021322232437051,0.0040221904912498985,0.004961776386003015,0.004043497153627536,0.004546413910016266,0.004537386927713414,0.004374664736286245
2020-07-01,0.0017178813988020973,0.003702966122523766,0.001433587765488343,0.0032466466400203472,0.001612046264997645,0.0027645888580807737,0.0015209052115544206
2020-07-02,0.0018169329083665565,0.0054446341090976565,0.005139617244162531,0.005392090072669611,0.005210089722095606,0.005509185411122769,0.0051441066305816675
2020-07-06,0.0034657376864438215,0.011539781972514162,0.010621338218405626,0.011497537766961437,0.01078083059046566,0.011753291168254984,0.01068838661980763
2020-07-07,-0.0010940911743596194,-0.005482457975880708,-0.00789458648889588,-0.005800847171019001,-0.00781638333234837,-0.007131976879968065,-0.007924683673528877
2020-07-08,0.0015715946777694896,0.005358478408301532,0.0049163241302192,0.005246852009236738,0.005005958891576186,0.0054300687446648364,0.004951488410918239
2020-07-09,0.0006475564122009627,-0.0016996714496838713,-0.00549290571064495,-0.0021463563591298564,-0.005305885526355495,-0.003944765978320668,-0.005505184724613298
2020-07-10,0.0014915820343225409,0.0009656862079505439,0.005654784228842722,0.0016188094264559852,0.005385327944418927,0.004162917682377582,0.005660863768286222
2020-07-13,-0.002488722445506932,-0.0031307160403992573,-0.0031477144086698534,-0.002985110651460046,-0.003195925233835717,-0.0034974564101972858,-0.003266063389828729
2020-07-14,0.0041867127890325255,0.003639396943310011,0.006747988078124597,0.0039467659541552475,0.006614642003891572,0.006220062240375083,0.006822969698920664
2020-07-15,0.0028452626085707297,0.004980161251118765,0.008809967194518101,0.005617578520067164,0.008627722570784995,0.007303326757160113,0.008854397815446915
2020-07-16,-0.0004791483043746829,-0.0014213143371331171,-0.0020458227661917174,-0.0015737652880362834,-0.002044520218237162,-0.0022574412040365158,-0.002044315676454363
2020-07-17,0.0016387190630850765,0.0017291789520284847,0.0016595724756290442,0.0015837963526012491,0.0016928770686698517,0.0019493000099208386,0.0017088115914091532
2020-07-20,0.0025655852066185274,0.004898353866355793,0.0018449105428950834,0.004121158221633437,0.002103758988729654,0.0033219509967623447,0.0020170040952906376
2020-07-21,0.0010971511786434568,0.004606850802448488,0.005964463432512566,0.004958573186848277,0.005884477368252303,0.005087757112162159,0.0059204654948132075
2020-07-22,0.0018205529886847964,0.002187577689067677,0.0028727959907011956,0.002222163767542455,0.0028425583033463283,0.002617909960787399,0.002919378667168901
2020-07-23,-0.0015364116131853052,-0.0012857663345920425,-0.0018904030580077385,-0.0010946070327980304,-0.0019063352814303659,-0.002332514067359031,-0.0020043661389631253
2020-07-24,-0.001996589172343641,-0.0012084973788979235,-0.0033158308052677306,-0.001511203582642803,-0.0031984779165737604,-0.0028724419431856315,-0.003321704494466754
2020-07-27,0.0014086326710523356,0.0058595888435580435,0.005154633349146491,0.005787764530816399,0.0052944281655409355,0.006006144930749533,0.005274068190368225
2020-07-28,-0.0011186004763812584,-0.0035491370246183256,-0.0034043110045986246,-0.003451534230684437,-0.003455347947324605,-0.0035836133752018776,-0.003467601230667878
2020-07-29,0.0038833145428394137,0.0068687560016388,0.008862257088645756,0.007173267173357921,0.00879470587232185,0.008297572608429619,0.008899702169770167
2020-07-30,8.222244359054869e-05,-0.0020754818030267463,-0.004378641113505769,-0.0024935675304983513,-0.004292671930846983,-0.0038922010441694087,-0.00434323584773025
2020-07-31,0.001468016750662097,-0.0010338747372938837,-0.0024736056560263914,-0.0014322634301736888,-0.002487808208563822,-0.0024094154963055833,-0.0024705436558977297
2020-08-03,0.0022384626085266896,0.005612309291330296,0.00504379035217622,0.006338923254539816,0.005261551207797197,0.005739251890323082,0.005462103345908064
2020-08-04,0.0023764129027600547,0.003946998425940252,0.004660195537132546,0.004893421618207095,0.004622093762005225,0.004784500120665253,0.004769969283194788
2020-08-05,0.0001208613787137562,0.005628988495657687,0.00474968904927698,0.005597884572042911,0.00487044624137618,0.005228535319050565,0.005073148686715106
2020-08-06,0.0021862965531204643,0.0009907603268258683,0.0017226660630939952,0.001729452427687442,0.0017096405516752273,0.0018319230210659552,0.0017620875602271722
2020-08-07,-0.0007275439503915144,0.0003151167894411186,-0.00028473170666246355,-0.0012687473915653981,-9.038736087563161e-05,6.785013447649412e-05,0.0001365464268543432
2020-08-10,-0.00010176380222122548,0.0031074225197825272,0.002517587416395993,0.0026139167025527365,0.0026691991948806027,0.0030225839506918713,0.002889176373652478
2020-08-11,-0.00393834131098624,-0.0010199399324066268,-0.0009574801589608335,-0.0010389670801923367,-0.0010820827413067188,-0.0014959034210384188,-0.001193101669638974
2020-08-12,0.001402497751863639,0.005463682249624199,0.005109938317840432,0.0061853553657808934,0.005358714763210172,0.005921113081348373,0.005498305883952731
2020-08-13,-0.003051164719880281,-0.0028154803221470417,-0.0029263889125471557,-0.00272948280098705,-0.0029684656074204906,-0.003026866992669847,-0.003134159212215208
2020-08-14,-0.0007881336554644273,-0.00024330882308254556,-0.0004392003814561332,-0.0009523420226864054,-0.0005226137464674243,-0.0009549802793226545,-0.0006361252844657768
2020-08-17,0.0020011991565590877,0.002360272392366619,0.0023467992753770286,0.003055695507843302,0.002377783929901817,0.002455305970526651,0.002375830268962562
2020-08-18,0.0014537813736049741,-0.0010970774263197429,-0.0003420866381755942,-0.0005031772313004467,-0.0004474973577501231,-0.0006733886316207956,-0.0005788604378349224
2020-08-19,-0.0020465677553935953,-0.0032874525932074417,-0.0035045051949854694,-0.003787039667898013,-0.0034927093309540915,-0.0035713157619957107,-0.0035731800405098134
2020-08-20,0.0020157105088390416,-0.001583726775891112,-0.0012853076610907011,-0.0010716588816491383,-0.0012356465019823393,-0.0009193594002361362,-0.001222133586982429
2020-08-21,0.0013431603026136437,8.065049225108596e-05,0.0002086085387060618,0.0004673087070473114,0.00018431518130525488,0.0004517808843235474,0.00021568491206000245
2020-08-24,0.0017999662881494655,0.007300888359285525,0.006563985220561527,0.007121291376916788,0.006776127095923276,0.007210117049900348,0.007079995815620788
2020-08-25,-0.0008984242866344541,0.0011480315919063,0.000762141392390905,0.001021368031640428,0.0007353268144733011,0.00045719654558889155,0.0005925244322291055
2020-08-26,0.0018797888199843917,0.0005605977107533726,0.00036284732465421125,0.0010495381321963555,0.0005317638709411207,0.0008261309602379161,0.0005024588700862677
2020-08-27,-0.002164662008291371,-0.00010777239639384614,-0.0008092980180404762,-0.0014735223577532833,-0.0007628234681744326,-0.000835432730858235,-0.000748548473988655
2020-08-28,0.002603409797768327,0.005175460130670193,0.005914698399388522,0.006365703721713656,0.005924889741456281,0.006517813511323608,0.006218826985249799
2020-08-31,0.001212458102596466,-0.005699609001931844,-0.0044358194378012715,-0.005289444784160687,-0.004509323065065081,-0.004660443678089278,-0.004619149039604328
2020-09-01,0.0036957500926264445,0.003939748627419651,0.0046268956025471535,0.003707179391434564,0.004514144919707736,0.004781057200420948,0.0044634865096211075
2020-09-02,0.004738627005174749,0.007213794548920986,0.006503234198058853,0.006738235845415646,0.005672211747891993,0.005943408957765458,0.005672365525506701
2020-09-03,-0.008123003174133392,-0.014033007884261737,-0.012840780978470325,-0.012917275798734067,-0.011802670727800398,-0.01189993701970607,-0.011755072125709498
2020-09-04,-0.005819261482311894,-0.0022173095610318536,-0.0021137908505099953,-0.002446308456428575,-0.001909099930991197,-0.002240405775529858,-0.0019445497910074209
2020-09-08,-0.005879108231131188,-0.011977529266621654,-0.011435201592535268,-0.01057681337141195,-0.010620783658308073,-0.010879495235907522,-0.010518000430376945
2020-09-09,0.0046183831990887075,0.008757580928031703,0.00802130421950984,0.008194513318008915,0.007456929919743895,0.007427542455125719,0.007418305491361559
2020-09-10,-0.0038604189317390574,-0.008040328645562974,-0.007878161139169027,-0.007262026482143666,-0.007358165824550138,-0.0076338861483311515,-0.007286806533640663
2020-09-11,0.0009856974794352682,0.0021916966980081295,0.002186333954101336,0.0022315393840955603,0.0022170290119814485,0.002283591347690618,0.0021908665853198387
2020-09-14,0.003798577941262472,0.007838816187036406,0.008075383628145283,0.006730844266086911,0.007503396189421743,0.007905386542351234,0.0074179963253510235
2020-09-15,0.001429054527211085,0.00206798922292668,0.0018278492603347638,0.002029404414225118,0.002000150739429831,0.0017944268214813857,0.00197192744110097
2020-09-16,-0.0011748743557678258,0.0003820038176760749,0.0008465213712468254,0.00010645440410018297,0.0005639610257771772,0.0008197295127331451,0.0005620088980788537
2020-09-17,-0.0017800675950152215,-0.0018976193339813657,-0.0019823173041799177,-0.0019665298803626984,-0.0015873294534075985,-0.0018696151359442119,-0.0016056487903996744
2020-09-18,-0.003225541266171167,-0.005147604345398846,-0.005160457647408874,-0.004763880044032503,-0.004715365922722682,-0.0049110473120343775,-0.004689787095991731
2020-09-21,-0.002757259820878719,-0.012616704828336581,-0.012390439000034472,-0.011090922430307428,-0.011554653108830311,-0.011327396532883727,-0.011439603115577564
2020-09-22,0.0029560835697287347,0.0008246402239099657,0.0002478751676869503,0.000868191552362917,-0.00033073568036040253,-0.00017672157707526677,-0.00024029664498235594
2020-09-23,-0.0073783451007121414,-0.011969283598217572,-0.011795947459591304,-0.010988157175339807,-0.011009768471042871,-0.011301923737966105,-0.010923735853067083
2020-09-24,0.0005728286894129785,0.00039519020776100015,0.00023489690370158273,0.00040317267014568486,0.00014705647100038245,0.00010672529139738562,0.0001544620405526046
2020-09-25,0.004107088841845159,0.005514030014697835,0.005209447954611654,0.00517373691840743,0.004399390057047543,0.004712254989811306,0.004422505249601182
2020-09-28,0.004985545722191724,0.010229146664704978,0.009890940990814568,0.008994745707886104,0.009029954589265808,0.009180248623347136,0.00897486132536867
2020-09-29,-0.0012081323986811966,-0.0021723587650765304,-0.0025438536376328935,-0.0020351341177548164,-0.0018749060748777064,-0.0022941671306322122,-0.0019005316594194088
2020-09-30,0.0005746564154034616,0.0032096228177872187,0.0040676040404078306,0.0030627582071514926,0.003838384281671932,0.0044433881426567306,0.0037678781924671205
2020-10-01,0.003009486452763975,0.0031786903396683556,0.004156105553955449,0.0033509501042030517,0.004098565804729054,0.0038159558210444002,0.003981718227732854
2020-10-02,-0.0026100263860194036,-0.0004604343188195906,-0.0006799965238345926,-0.00045392416997792076,-0.0009938060114707285,-0.00044244897640943607,-0.00093526326100728
2020-10-05,0.0017639868080768471,0.005952750111537368,0.009382411776221684,0.006987086874447445,0.008860453233352682,0.007958577385688705,0.008640776669598347
2020-10-06,-0.0022454889954349397,-0.0015087505424861561,-0.003461350530244124,-0.0019239357117676902,-0.0029881767375061286,-0.0026145725759666666,-0.0029243954892460766
2020-10-07,0.003577455368492309,0.004932689559050827,0.0074880743185243345,0.005683764235709656,0.006890461077267312,0.00646867033066106,0.00674699048786383
2020-10-08,0.003037437088210594,0.00545122336350293,0.007086378592192518,0.00577567948003097,0.006704886031413675,0.0060291989583538905,0.006526604963006508
2020-10-09,0.002171300200966287,0.002058414728801722,0.003077644169931753,0.0023023334474616785,0.003223379829740952,0.0024591222727349017,0.0030978897560330686
2020-10-12,0.004977594513167033,0.0034699809507350776,0.004907704479364816,0.003788147284383,0.004511423465893271,0.0043225945111988375,0.004421782449535259
2020-10-13,-0.0010448003287581687,-0.003659914775877189,-0.005377737754117887,-0.004216828367525471,-0.005141794263877253,-0.004502647844624421,-0.005018332432545411
2020-10-14,-0.0011071675408564799,-0.0013078657446773643,-0.0021358128727663123,-0.0015768127761827985,-0.001887461737469369,-0.0018845437380553155,-0.0018644242633664685
2020-10-15,-0.0005688777527783755,-0.0003507581774358181,-0.000758530558371604,-0.0002932580371136967,-0.0011742701158407463,-0.0004736469783199257,-0.0011081844611448206
2020-10-16,-0.0008115864072479086,0.00044154923460372627,0.0006464479418520873,0.0005923982026545042,0.0007787811367652964,0.00048123682634514277,0.0007566108801424779
2020-10-19,-0.0042678823211883465,-0.004114838769930118,-0.0058004014169251855,-0.004436341714270698,-0.005184424426574782,-0.004857856318096324,-0.005068194933699502
2020-10-20,0.00016852078924435815,0.002488302455909392,0.003445941141821731,0.002962994546496065,0.0035239011490423933,0.003068433778434263,0.003433029020245745
2020-10-21,-0.0017126653745909385,-0.0014084352001196786,-0.0018955916230462492,-0.0012278914151953012,-0.0016237436406616708,-0.0015749416791192002,-0.0015783046697830875
2020-10-22,0.00029605574489069636,0.0023524480380051104,0.0037450613002364594,0.003047500576340975,0.0031058229390453444,0.0034244185163834137,0.0030982282775365733
2020-10-23,0.0018815068445399538,0.0023764674565126005,0.0030210739961341847,0.0023911014296517557,0.002987809896099173,0.002581557278908782,0.0028885329669078776
2020-10-26,-0.0032198914729607165,-0.006833419933944887,-0.010451246702680727,-0.00792609762561598,-0.009842768960650075,-0.00889734980669115,-0.009615530424411246
2020-10-27,0.0008099902392890776,-0.0014419485300680558,-0.0031227933107156663,-0.0021685305550199117,-0.0025348305684606753,-0.0026745524833768648,-0.0025409052472613164
2020-10-28,-0.008883447132859401,-0.011540944953385122,-0.01693988753210187,-0.012997189616722691,-0.01610445543058709,-0.014486741617127735,-0.015718035417702544
2020-10-29,0.0008537080096667588,0.002288102320427698,0.0037066821192613406,0.0026758281427911998,0.0033713712462756455,0.0034797915795772285,0.0033149150129923857
2020-10-30,-0.0045736119393824,-0.0031511984764542615,-0.003938899418642375,-0.003230717244597412,-0.0040143437431515785,-0.00356072547889146,-0.0038841415151463594
2020-11-02,0.0038538279813332085,0.010779073637145635,0.008468550677548032,0.008966142937849333,0.008519382624737965,0.010119411031587575,0.008813963578501728
2020-11-03,0.004230098815973202,0.011258317101163814,0.010355763600803109,0.011073395590768344,0.010642597625185634,0.01173125048902007,0.010936341160979225
2020-11-04,0.010250877706100305,0.007123189371226084,0.008021026778465204,0.007162073649618163,0.008109869805104714,0.008598041421104267,0.008328746298539129
2020-11-05,0.005611908309845654,0.013822343889484778,0.011790429718748534,0.012743946633907783,0.011963178134691534,0.01313046381849571,0.012287878642815782
2020-11-06,-0.0017989022489237456,-0.0011483374111731111,-0.001241533452128813,-0.0008421301355224853,-0.001293506740912323,-0.001990721929278793,-0.0013238892719572926
2020-11-09,-0.0007424837658775493,0.019315227085033734,0.014462049729525068,0.015231496260594281,0.014671200288499471,0.01792529034135964,0.015194755649621404
2020-11-10,-0.0016283884656964156,0.004001109409093197,0.0028555757127111357,0.0033358916113175713,0.002934235837242923,0.0039747214393566314,0.003076856997332529
2020-11-11,0.0023818333304761394,0.0003880711212620464,0.00101193640280197,0.0008442598727015352,0.0011104656649659774,0.0009604326289370929,0.0011457157765785908
2020-11-12,0.000851828890638646,-0.00777615382776896,-0.005862823503109403,-0.0061092940111409574,-0.005977562153681723,-0.0069766985432430165,-0.006171479061000944
2020-11-13,0.003489543641189827,0.011697905952799008,0.009503029903501466,0.009974475402254261,0.00961148293678313,0.011103559195258088,0.009898854000231449
2020-11-16,0.002833912539549887,0.011269116363393353,0.008931101237487768,0.00943732256771377,0.0090308758796891,0.010431319136582864,0.009275395755348033
2020-11-17,0.0010193966254924802,-0.0006505019467500595,-0.0004562218387592165,-0.0002935785818739973,-0.0004486826436136222,-0.000720738071925012,-0.0005162796603345881
2020-11-18,-0.001993727588586789,-0.005414857569802453,-0.0045511864628880894,-0.004821720585444102,-0.004602822374921103,-0.00541245015438496,-0.004771801005405177
2020-11-19,0.0027436275786490347,0.0031797565527527877,0.0031514143837476664,0.0033935741075641415,0.003224227926533074,0.0033904896250424674,0.0032772661807282865
2020-11-20,-0.0004745917332247548,0.00018025636657789207,-0.0002662924300134924,-0.0003995539964258638,-0.0002837671523299914,-0.00037205694882912904,-0.0003164003306171891
2020-11-23,0.0017484878851521163,0.00575814799237079,0.004487918143039789,0.004729265222733893,0.004532467010007061,0.00561551225122868,0.004669723953192385
2020-11-24,0.0026408539576137525,0.01227472758881,0.009872188175010897,0.010601121359059506,0.009953377824962443,0.011389546022112038,0.010258278704624767
2020-11-25,-0.0003469206284917503,-0.002881046376921751,-0.0019048661366862407,-0.0018815145082016944,-0.0019037971620291573,-0.0025011083122197146,-0.0019895018181036047
2020-11-27,0.0021271362129035125,0.002751851493499048,0.0025924345876722414,0.002628358741564392,0.0026084094971082035,0.0027389139228947666,0.0026731861275692452
2020-11-30,-0.0008336462314663712,-0.012041413412545094,-0.008826007252619509,-0.009323016931985745,-0.008874247745191124,-0.01001656711010452,-0.009120664996990784
2020-12-01,0.0006877565564937442,0.011368980428309815,0.008406638494181063,0.011912693250582564,0.008568094061759162,0.0093051221714973,0.008625653435843737
2020-12-02,-0.0006298498127183966,0.0009187120653071561,0.0014067885183812038,0.0010063798916574288,0.0013786044374096166,0.0012750302509810531,0.00137065191238284
2020-12-03,0.0017743094404795187,0.0038167690318296815,0.0036915923516366266,0.004555637145944185,0.0037176346218848,0.003758472076543101,0.003673487976300064
2020-12-04,0.00037903122023903203,0.006570881174329123,0.005913643752952733,0.00744347770633905,0.00601117284570432,0.006640232249336216,0.006115752970703071
2020-12-07,0.000892402222336861,-0.002034069618720712,-0.0015679468285094908,-0.0020274462428271555,-0.0015955041525303004,-0.0017658273699162315,-0.0016409029753162124
2020-12-08,0.0011182405519644992,0.002181289719861884,0.001859553948095394,0.0024991041112900217,0.001884290548126042,0.0021562614347796754,0.0019205899770445875
2020-12-09,-0.0034818752791632573,-0.00370337667888246,-0.002484566520076309,-0.003793418493830438,-0.002568853812128495,-0.0030062853648175343,-0.0025455870482326954
2020-12-10,0.0022242586540575176,0.0036470940618068288,0.002948987653388635,0.004424385838774997,0.0030131640658225063,0.0031508018616763184,0.0029622573953155457
2020-12-11,0.00040120068381151836,-0.0025442781875902255,-0.002062492336462233,-0.002998339270629794,-0.0020846679687275857,-0.0022630391464098717,-0.0021021608109911337
2020-12-14,-0.0011385759261705692,-0.0020892301035872244,-0.0025178970267942455,-0.0024980282975926257,-0.0024988713964403976,-0.002798450785582336,-0.002513230396387115
2020-12-15,0.0037791464219795925,0.008704553948461674,0.008113387539937917,0.009735904822553598,0.008217809923224144,0.008913003434830355,0.008287018716336076
2020-12-16,2.0631980529919316e-05,0.0010875191024837525,-0.00023936173136187972,0.0005986402593138687,-0.00017422382292466509,0.00015779110784464585,-0.00016302237424878696
2020-12-17,0.0018729655813807986,0.005262666066813416,0.0046759490934086,0.005641020029155297,0.004717414328097703,0.004765767768621629,0.004690024515509124
2020-12-18,-0.0010740900406161224,-0.00295489194795391,-0.0026334979592786563,-0.003228682862666125,-0.0026642752089846163,-0.002850833334578992,-0.0026825467033622956
2020-12-21,-0.0007029917687238591,-0.005574612599104958,-0.0040881604399103134,-0.005768424115617474,-0.0041585573638747535,-0.004599305981349871,-0.004160639620834943
2020-12-22,0.0011430746997879147,-0.0022027137511222714,-0.002095940474640089,-0.0023803598133867636,-0.0020498353689231206,-0.0020289459383303872,-0.002021476574760644
2020-12-23,-9.814615121587274e-05,0.00546595329390932,0.004773039060391931,0.00625692878749259,0.004825043767582827,0.005218709016712656,0.004865591138059544
2020-12-24,0.0011128524782767157,0.0003414517489980658,0.0006896026150934118,1.4974318174156356e-06,0.0006853917315002112,0.0005814403456253946,0.0006775071870536702
2020-12-28,0.0016650797474089397,0.0029500875162748416,0.002085106385626619,0.0026101444920146903,0.0021256028168657637,0.002358054329086436,0.0021389767383110337
2020-12-29,-0.0008856538130487329,0.0018393574197554483,0.00039423022367503945,0.0013200808798055942,0.0004020101616241186,0.0004185681246390764,0.00033955883298528725
2020-12-30,0.0011027940537637752,0.0043223340044155605,0.003994205802215069,0.005452306531520814,0.00401979918812939,0.004219510203092524,0.004001309680899465
2020-12-31,0.0016925647336666198,-0.0003856374189749332,0.0005827971883250321,-0.0005490026765409524,0.0005498979377547384,0.0007340722325681262,0.000546609244141724
2021-01-04,-0.004499042612802713,-0.0033525613081170184,-0.004336231997582013,-0.0041555324931923715,-0.003975128347788474,-0.004614999441541816,-0.003997437064301647
2021-01-05,0.0012494992989818912,0.006408118030232317,0.007018567467619202,0.007317832064787403,0.0068711070882219605,0.007984160683045092,0.007026710764812287
2021-01-06,-0.001451421118138139,0.001572143624952353,0.006826714788985085,0.004491989058433354,0.006277745103709409,0.007423424975911738,0.006200480701160787
2021-01-07,0.0032285399810447163,0.004681143148361994,0.0040609525824429876,0.004350974628508872,0.0037987119321949594,0.004235229834167904,0.003915067615842248
2021-01-08,0.0003094919981771737,0.004161039601627973,0.002630240853938753,0.00365687066813193,0.002703836259046038,0.002819038106096127,0.0028094453806022015
2021-01-11,-0.0027067823645975345,-0.004327320601600568,-0.0043250531198390715,-0.0041431357887093305,-0.0043699324655241305,-0.004293067399023921,-0.00441888494160724
2021-01-12,0.0015229259142593259,0.0031428167971736367,0.003794467996286527,0.0037739124257332203,0.0036697274230383247,0.004692449020936421,0.003765807924383501
2021-01-13,0.002650591431275891,0.0011444061702556101,-0.00016588565091234453,0.0005796313194986299,-8.735126632379499e-05,-0.00019539897470248978,-7.237611124257524e-05
2021-01-14,-0.001709415094326862,0.0018639810580912694,0.0032622029755002124,0.002923851602086163,0.003194689748585144,0.0038625227283526067,0.003239947433883713
2021-01-15,-0.0013989299974466241,-0.0047861713471911045,-0.005989457213095399,-0.005309414625785196,-0.005867780590781278,-0.006292564391104199,-0.005913032098736278
2021-01-19,0.003300263615473393,0.0056538041037960205,0.004907263375115553,0.005508989472883741,0.004835280375827023,0.005492880285659942,0.004973445240754063
2021-01-20,0.0032090345664863374,0.005924889239619107,0.005030340916192878,0.005574325550210494,0.004908212540850009,0.005442111948029537,0.005057578051083379
2021-01-21,-0.0012724306267155924,-0.0006574156922013844,-0.0012863147616218266,-0.0014096386514527873,-0.0011706485533735476,-0.0017754473856638631,-0.0011693104277897964
2021-01-22,-0.0004086497936319893,-0.002313323607973797,-0.00168842772307018,-0.002177673217900466,-0.001741271034432747,-0.0015503519851813128,-0.0017047203162638886
2021-01-25,0.002628085604134121,0.001767227093290421,0.0009275488871103082,0.0014474457468496016,0.0009397666543482338,0.0010940179727877974,0.000989573082065536
2021-01-26,-0.001158667192434225,-0.001966785968894221,-0.0020054436147391467,-0.0023367423063422577,-0.0019089256074368809,-0.0024412861090893734,-0.0019744150574398087
2021-01-27,-0.005919272627222989,-0.011790619939532461,-0.012770390042033068,-0.012581104959632144,-0.012436129157571783,-0.013389090238604297,-0.012562822146220643
2021-01-28,0.001447732423230699,0.0035399401931637303,0.00402837020560836,0.004001188978531148,0.003899830527497117,0.00397898784535316,0.003873820663406578
2021-01-29,-0.005197508603391551,-0.009301855442330417,-0.010128644012433331,-0.009990406074196288,-0.009870081035833951,-0.010855075779705951,-0.009966899483136768
2021-02-01,0.0050837691892277265,0.008283189652711128,0.008450931206427587,0.007770679600018164,0.008397600200491212,0.008233775720453206,0.008181410466671288
2021-02-02,0.0025333629337210835,0.00718658151476884,0.006186957661654897,0.006669389901455245,0.006408271417409819,0.006208925264076829,0.006173035031383965
2021-02-03,-0.0005054527430498959,0.0012595280760959874,0.0012942434760936335,0.0013121517983751803,0.001419103466676197,0.001266320447059042,0.0013687164519142017
2021-02-04,0.0029293783909119524,0.005082516966824764,0.003440912943757689,0.004789021928328351,0.004334668311600394,0.004317850507760156,0.004194121884210119
2021-02-05,0.0004845126771908082,0.0031528847847357667,0.0041331432775409535,0.003289278798446025,0.004052085916621535,0.004034484652261015,0.003936748512005485
2021-02-08,0.0030622200440573815,0.004449179642460194,0.004718938379329251,0.00469944148524214,0.005242051137489196,0.005141746566129389,0.005131414859176588
2021-02-09,0.00041775057721727126,0.0013679218105319816,0.002284615756633015,0.0015547870166100234,0.001998716637751471,0.0019310931727270547,0.0019246204320529023
2021-02-10,0.0005880181584692752,0.0006960987548731933,0.00020634418406199255,0.0005780987493567832,0.00037139863560193057,0.00035391039789661543,0.0003638433542640072
2021-02-11,-0.00028015055056611836,0.001797039723744098,0.002288573854742558,0.0015787446342558605,0.0019113137620618507,0.0017705654533890776,0.0018498230775539062
2021-02-12,-0.0003902612755477392,0.0014476693730614693,0.0012622835169561852,0.00144741018999806,0.0013467371485376745,0.0012656180197095207,0.0012628688837729315
2021-02-16,-0.003966037255782966,-0.0010604518528804256,-0.0011489207672263722,-0.0010050810072453071,-0.0012432923136598403,-0.0017428259002855069,-0.0012740057117384322
2021-02-17,0.0009424221896654663,0.0009771492036080994,-0.0007635905842558302,0.00047878112074348466,-0.0004656692159823915,-0.0005078410663348306,-0.0004649429797425709
2021-02-18,-0.001859277372480088,-0.004155554636280073,-0.00406098246288242,-0.003958750248940097,-0.004200397155231775,-0.003957739427972736,-0.004105646097761406
2021-02-19,-0.0017181765380464213,0.0015209839133129947,0.0023894685950743184,0.0019590440865981497,0.00278625750789918,0.00241360366790102,0.002714439326958222
2021-02-22,-0.004749648511750393,-0.003965927329363604,-0.0037955944482476645,-0.003099544856575189,-0.003116611177422974,-0.003346586144965628,-0.003000524485613499
2021-02-23,0.0001556687709148491,0.0018935709271737573,0.00106004862591663,0.0016291551344789542,0.0012362531054268516,0.0010547075564660289,0.0011916268072193765
2021-02-24,0.002619114632492491,0.004308343530246567,0.004112735837614404,0.004651104023214997,0.005002129328416557,0.005050090845496956,0.004884909160671387
2021-02-25,-0.013523510225117698,-0.014294522754611527,-0.014957223678093703,-0.014100895660082064,-0.015325899728198849,-0.0157857357607777,-0.015034603243514976
2021-02-26,0.005025232671107978,-0.0035075988799423627,-0.003755393180209545,-0.0032797431807905057,-0.0035149921313334933,-0.0028565048441974348,-0.003296665473877255
2021-03-01,0.0067866669489918445,0.019465752193863695,0.012621779174212124,0.017437854358649314,0.0130139522954697,0.011887561310061462,0.01304305876011342
2021-03-02,-0.0024967252353383777,-0.005372543378034318,-0.0022548684667726654,-0.0045550254795629075,-0.0026396646237992405,-0.002433712925229034,-0.0026779703916185267
2021-03-03,-0.00664975443607713,-0.002118872198920287,-0.00361110085329807,-0.002254867514090094,-0.0031608746798078274,-0.0033952736104879244,-0.0032620799797254156
2021-03-04,-0.00648658772685589,-0.013075621168628895,-0.009637825981799327,-0.011795215909290354,-0.009847216827934963,-0.008906512173752245,-0.009795068012151457
2021-03-05,0.004529306918866084,0.014243284024161697,0.0071003186916346345,0.012470157854018855,0.008220278473334057,0.007548990168494412,0.008197031987178315
2021-03-08,-0.004200923512925963,-0.0009347960549405546,-0.005036449495995068,-0.001381397439715813,-0.0036828473834193583,-0.0030623340826737397,-0.003726423594467823
2021-03-09,0.007050814790767312,0.00630200164960394,0.0076532844162820746,0.006124261464813867,0.00669186631780617,0.0063841793855181385,0.0068033827389390985
2021-03-10,0.0031921192111740476,0.007506852738269941,0.005107411760433785,0.0066134187818136046,0.00565555472151981,0.005154474389248617,0.005607847114045
2021-03-11,0.003580347378034922,0.01008759356754464,0.007768039756874203,0.009031859006498145,0.007562550913387742,0.006627162082185791,0.007551869118392693
2021-03-12,-0.003544034500209568,0.0005067627187302112,-0.0014730620841538456,0.00017682753942823651,-0.0008452601046286697,-0.0005605884967016875,-0.0008891483902454717
2021-03-15,0.002709895673481187,0.003516250707956958,0.002259691472003301,0.003076021528729268,0.00244096759839443,0.0023966259423203965,0.0025035713785919577
2021-03-16,-0.0013746923656621514,-0.003956174166274012,-0.0007657332138441247,-0.0032280521778793613,-0.0015687766198404112,-0.0015980114335768776,-0.0015377467494730505
2021-03-17,0.0009955393304715747,0.003486420267360654,0.002939844445073253,0.003103845917544471,0.002915469262483105,0.002640183908346523,0.002939194036748136
2021-03-18,-0.007861157712790386,-0.010698479784027054,-0.009041681239811396,-0.009701530066065221,-0.008985167531850243,-0.008476657461630288,-0.009032112400557128
2021-03-19,0.0009259247961891904,0.001453803704885568,0.001915369484092447,0.0013717764940909126,0.0015644913552663624,0.0014633669273373443,0.001592373058963754
2021-03-22,0.0029054166832138415,-0.002042882918587233,1.5049618102723299e-05,-0.0014966571034448432,-0.00039353292074466973,-0.00018920652671742123,-0.0003389614808362839
2021-03-23,-0.0013357709793981492,-0.013969263329229573,-0.008867163861444627,-0.012198582438019565,-0.009285036908215985,-0.008545311202058207,-0.009268603170718067
2021-03-24,-0.001424024097166395,-0.006662366482215735,-0.004044233816819377,-0.005817557958569083,-0.0040183731564151885,-0.003520152669690823,-0.004012559461170963
2021-03-25,0.0016837078703036794,0.008857005315917902,0.004369547994260423,0.00763005666023521,0.005139875819635077,0.004938409926881066,0.005125025582642094
2021-03-26,0.0033556719300603206,0.014440929787266358,0.008770335655064104,0.012904957980685229,0.009091579120601106,0.00811000478914269,0.009082495520891926
2021-03-29,-0.00251285116399065,-0.006198720303648002,-0.004360748947070228,-0.005361490069003886,-0.004618977484714432,-0.004486959083207339,-0.004624409136176819
2021-03-30,0.0004892742043064201,0.003423914261294283,0.0007562916001052456,0.0026800989784410614,0.0012542278455638122,0.0012976334351148349,0.001275288555491638
2021-03-31,0.0018232941486949403,0.00018667498134302524,0.0005878370949470248,0.00013565304368983984,0.0005154375456737934,0.0004701006480843251,0.000519638040634919
2021-04-01,0.006103331514096237,0.007568464483105461,0.007351347765971514,0.007961058817931759,0.00744307995627589,0.007823098833472604,0.007490128701644851
2021-04-05,0.0020731894885200547,0.004872592162754281,0.004086984279545205,0.00533674006907473,0.004173491835234057,0.004319569082241966,0.004277675745402982
2021-04-06,0.0025764429422678848,0.0001631661730450134,0.0007985827758979986,0.0002280788978888356,0.0006667915182243196,0.0007689528596963098,0.0005954001563391684
2021-04-07,-0.0013587157431221035,-0.0033394280030911044,-0.0025634715972811147,-0.003096550625822173,-0.002483497382582811,-0.0026706014786554515,-0.002456321857921311
2021-04-08,0.003459404283249694,0.003617303505668498,0.0037468236974800696,0.003856126833398082,0.0037191930420354723,0.0038601076758123794,0.003719300275179488
2021-04-09,0.0010153031174510011,0.00011958678053344829,0.00015163660262071355,0.00038496598417651196,0.00019939756147600735,0.0003120981767165414,0.0002560837555048584
2021-04-12,-0.00010027075931600006,-0.0010425212904035652,-0.000510688207899288,-0.001001744551465785,-0.0005052936215414661,-0.0004771411075537983,-0.0005257661396292715
2021-04-13,0.0028641504021470303,-3.15875045862619e-05,0.0010282759658443636,0.0003829722836872361,0.0010825801624348818,0.0009941022623050693,0.0010952049162221823
2021-04-14,-0.0012194750670874847,0.0027534861821626394,0.001579314183172417,0.002313733933001788,0.0016108194406950173,0.0017306239673085767,0.0016057122199852813
2021-04-15,0.005939009464102448,0.0049068232125085015,0.005490848048024159,0.005330739289963164,0.005528445384786525,0.005679247232267664,0.005546162242212252
2021-04-16,-0.0010715525211190554,0.0030506215918709757,0.0018424092319529084,0.002918760481166932,0.0018720821345824892,0.0019458595094617515,0.0019120156373981308
2021-04-19,-0.0025064646594418795,-0.002342500509224815,-0.002161737783527103,-0.002518819561236952,-0.002153809677901146,-0.0023631886077903706,-0.0021840392317592897
2021-04-20,-0.0016428552669662186,-0.00791138047227135,-0.006295555003341748,-0.007879722710980124,-0.00647244105771431,-0.006838609922170344,-0.00656713940012808
2021-04-21,0.004240534215753189,0.007953969634132828,0.006699649309030881,0.008077925075451776,0.0067633764943923905,0.0072789896674948385,0.0068226301585365655
2021-04-22,-0.002153392855509424,-0.003366317107804594,-0.002781635482993283,-0.0035501402882248227,-0.00276763028679627,-0.0029520623165718053,-0.0028066766568236403
2021-04-23,0.0035011946057817035,0.008668672122755534,0.007184511555742313,0.008773681543463772,0.0071909519853469795,0.007668004863560514,0.00724610334677628
2021-04-26,0.00047687583099364865,0.0011736259269477301,0.0006975821933181014,0.0012443043684977795,0.0006480549152367628,0.0008774187657953441,0.0006724117864517528
2021-04-27,-0.0018487762961761874,0.0007248801684446677,-8.30376265541857e-05,0.0004919296946603467,-0.00017347094685864109,-8.897207603571948e-05,-0.0001864443690561768
2021-04-28,0.0003263173449606375,0.002513809534670889,0.0023072819619723048,0.0023380092317991027,0.0022659157450167647,0.002257784619398135,0.0022325207401512606
2021-04-29,0.0007720353050845582,0.00213091538746989,0.0018003268888440427,0.002102567879282137,0.0018258497445357014,0.0018082135958938361,0.0018372145477198753
2021-04-30,-0.0014527569766238312,-0.007891495399305264,-0.005975638973067772,-0.007852811851802352,-0.0059895676411968034,-0.006343751385482943,-0.006043070891351723
2021-05-03,0.0009710572782648207,0.004162744628190273,0.0038155254058611743,0.004009293977361156,0.0035358093065726414,0.0035399560898365322,0.0035410670651068246
2021-05-04,-0.0013839116938199122,-0.005207117739453752,-0.0027130099084142646,-0.004863277515798007,-0.0029154206197659054,-0.003312685425569913,-0.0029155029520742596
2021-05-05,0.000495469103032395,0.002521010593232694,0.0022712039225161328,0.002445733240255397,0.0022161787285759297,0.00223145067671365,0.0021997460107712153
2021-05-06,0.0016467970940451742,0.006007897206073068,0.004624534431239798,0.005802423306917285,0.004531396469645239,0.0046925687009328945,0.004543466155232171
2021-05-07,0.0023537575622995903,0.007603498892676442,0.006040951913452488,0.007311411096507307,0.005955726368948664,0.006071430444452696,0.0059613149382345045
2021-05-10,-0.004614892088202245,-0.008994381293305816,-0.005074266444898341,-0.008537113973576612,-0.005202398363688144,-0.005379936216539057,-0.005233998239827354
2021-05-11,-0.0039387409330259165,-0.005985149129153684,-0.005911068652456235,-0.00581544764299162,-0.005548494680255447,-0.005539105608264131,-0.005542881620116679
2021-05-12,-0.00919242610289766,-0.018421063424017736,-0.013572022365016352,-0.01765767154255378,-0.013242851477817317,-0.013411975003178485,-0.013290634323297522
2021-05-13,0.004897933387223671,0.00724374496496494,0.00678176862344306,0.006944763439963208,0.006237577770294064,0.006144674924947434,0.006262653305753693
2021-05-14,0.006707492584125901,0.012711025582202586,0.009624389470617998,0.01219493315309568,0.009436620705251069,0.009490134832906262,0.009447012893253396
2021-05-17,-0.0012516790041829512,0.00033477847804061977,-5.439321430429677e-07,0.00033219536652664955,1.4212909922242255e-06,-0.00011124172628129578,7.038682217751051e-06
2021-05-18,-0.0031956931318900947,0.0002668718424666043,-0.00144483848135175,0.00029643704059229963,-0.0008953609246896966,-0.0006189305140642172,-0.0008959298912267454
2021-05-19,-0.0018522344284757665,-0.0050811961998819336,-0.004747779340568374,-0.004981565511408408,-0.0046165957347341635,-0.004463412088901289,-0.004612861086015621
2021-05-20,0.00564720219683009,0.004925069280491362,0.004723626581901858,0.004756452926188301,0.004775609050268637,0.00498833040249249,0.004754892639274978
2021-05-21,0.00013962895587828984,-0.0015047895742626644,6.172288290483724e-05,-0.0014178683932910502,-0.00023765455910881633,-0.000414802595698566,-0.0002449441202458739
2021-05-24,0.0036938836843674727,0.00552711309158823,0.0041067540930441295,0.0053229661587386535,0.004129102372080988,0.004183092652050368,0.004121951427870748
2021-05-25,0.0008881616380833978,0.0003754489568407833,-0.00033554583057535055,0.000479351199590097,0.00012143084175722491,0.00022071900707571965,0.00011519103786734435
2021-05-26,0.0008331452398622483,0.004612203994032923,0.0024651424512503817,0.0043203669794492265,0.002249711732872982,0.0021869336625292488,0.002285410623756546
2021-05-27,-0.00030502661504994404,0.0030674754581770307,0.002228771516847673,0.00290532234176753,0.0019650598529336386,0.0019088700634825877,0.001983132361361727
2021-05-28,0.0005083004215154542,0.0016712286513361281,0.0011687334497914406,0.0016250892046533235,0.0012361320142274738,0.001275773572878302,0.0012316392842962082
2021-06-01,-0.00020091184999600933,0.004175620324667746,0.004663346608817275,0.00500301712311238,0.0046375280684709305,0.0055084803336926755,0.004617373234589213
2021-06-02,0.0013171757852658236,0.0009351520243898884,0.0012956869979345853,0.0012176024700429763,0.001352479824660187,0.0015410114431450269,0.0013613590035526763
2021-06-03,-0.0029823736251316595,-0.0037053441564778213,-0.0041072659118877195,-0.0042091607081920016,-0.004102577827096795,-0.004766102461434867,-0.004128357533276857
2021-06-04,0.0054860714760004885,0.003932021687334081,0.004923306536448992,0.004725884180704364,0.004979899055658597,0.005818150847469954,0.005030895947256952
2021-06-07,-0.00024252012946223165,-0.0006058897977709351,-0.00035786634844228575,-0.0009567665944475484,-0.00026896406012951536,-0.00017577567581436988,-0.00024042327505020803
2021-06-08,0.001897481019177501,0.000510989263676889,0.0011401607720376507,0.000648280645708349,0.0012183040206975885,0.0010346190140003869,0.0012025017587628589
2021-06-09,0.0005583170835718871,-0.0006417005210184337,-0.001341097488222873,-0.00048390767639443395,-0.0013754126711826113,-0.0017375713201080159,-0.00137025772285057
2021-06-10,0.0027859842755874947,0.0013618869337509204,0.0013199959155752625,0.0014587074406099956,0.0012046816793979751,0.0016046934075118896,0.0012405617161693472
2021-06-11,0.0005802900810914478,-0.00019976895527998079,0.0007105697359473432,-2.255592056984204e-05,0.0008305422979881525,0.000873324694598201,0.0008279019101709161
2021-06-14,-0.00130146643934718,-0.001403974897018758,-0.0018674800026126882,-0.001888594344136062,-0.001962454729758126,-0.0015827341812456102,-0.0019063260747559923
2021-06-15,-0.0004806507180785842,-0.0003615230898211272,-0.0002919511652602816,-0.0005025794143407133,-0.0002369175415427036,-0.0004901706464072659,-0.00024275308158190915
2021-06-16,-0.0037463601577307753,-0.005798242786245704,-0.00617380317687123,-0.006606439793616978,-0.006106714064860204,-0.00688339148427004,-0.006111388246453617
2021-06-17,0.001913119782757859,-0.0021175699471860506,-0.003530549096138525,-0.0025242322270119756,-0.0038808101217675467,-0.004252665219300667,-0.003834996736719308
2021-06-18,-0.001826122681172058,-0.00517108121337449,-0.007871960317198702,-0.006091142423919626,-0.008176908352715912,-0.009815898208222951,-0.008194812822864616
2021-06-21,0.002311672392929067,0.0051614955310518955,0.007877952043459917,0.00620624294774711,0.00812538909270296,0.009410571505315945,0.008097983935146519
2021-06-22,0.002435628228848316,0.0006536954565175856,0.000889768014533293,0.0002993096980567335,0.0008455383834361486,0.0008923870801634268,0.0008543851679958691
2021-06-23,-0.0004872079180619216,2.3117502195438733e-05,-0.0002866695647043122,9.728352768596744e-05,-0.0004564373078336225,-0.0006071679744027416,-0.0004935961631275162
2021-06-24,0.0022779013221723363,0.0030870519254280224,0.004282128601606795,0.0037592984028971188,0.004422252649924744,0.005228702601218769,0.004435293463324145
2021-06-25,-0.0002776533072491546,0.0016650488505123935,0.002546474954601396,0.002255732461151996,0.0025423115497484774,0.003035744957249094,0.0025053572677184643
2021-06-28,0.0023486744321143476,-0.00044707434072147306,-0.0015356190756715374,-0.0005800570391423104,-0.0017372929428936404,-0.0020883244578188977,-0.0017305881661082774
2021-06-29,0.00037822567948508505,-0.0005495705682631441,-0.0007756489998384274,-0.0008018290251311089,-0.0008177152511550631,-0.0008542514348783546,-0.0007976212632239228
2021-06-30,0.0004995934408378919,-0.00028617488922718563,-0.0002731454621966082,-0.0002853982741446904,-0.0003327626586241394,-0.0009679223843390197,-0.0004085851372754156
